trip_id,device,lane,start_time,end_time,transporter
5bb0a44379fb522ef332db04,567,a,2018-09-30T10:24:03.869Z,2018-10-01T17:13:18.817Z,a
5bb0916579fb522ef332d5eb,129,b,2018-09-30T09:03:33.993Z,2018-10-01T21:22:16.465Z,b
5bb07ff179fb522ef332d1ae,512,c,2018-09-30T07:49:05.188Z,2018-10-03T09:56:07.099Z,c
5bafef9ba97c177c19d315ec,547,b,2018-09-29T21:33:15.085Z,2018-10-01T12:13:12.951Z,d
5bafdf23a97c177c19d31178,317,a,2018-09-29T20:22:59.169Z,2018-09-30T19:01:48.220Z,a
5bafd2d6f902bf63b36e6222,444,c,2018-09-29T19:30:30.834Z,2018-10-01T19:04:40.474Z,c
5baf5e0387e11b5b1ac692c9,574,b,2018-09-29T11:12:03.610Z,2018-10-01T05:15:17.744Z,b
5baf350787e11b5b1ac6899c,464,c,2018-09-29T08:17:11.209Z,2018-10-01T17:13:11.118Z,c
5baea84934046d43939d3985,548,b,2018-09-28T22:16:41.813Z,2018-09-30T10:48:48.945Z,d
5bae7c65a55029143aedf00b,375,a,2018-09-28T19:09:25.756Z,2018-09-29T20:58:44.056Z,a
5bae2391a2d54975170c3d79,502,b,2018-09-28T12:50:25.272Z,2018-09-30T01:48:42.996Z,d
5badee25a2d54975170c2de7,535,a,2018-09-28T09:02:29.119Z,2018-09-29T18:03:48.523Z,a
5baddaf88ec4635094c5825c,530,c,2018-09-28T07:40:40.492Z,2018-09-30T18:03:39.309Z,c
5bad83e7db367563edc7adcb,575,b,2018-09-28T01:29:11.062Z,2018-09-29T10:20:44.610Z,d
5bad1e45c3c4c701a1ce1ea7,564,a,2018-09-27T18:15:33.562Z,2018-09-28T23:52:07.509Z,a
5bacbe648e93e9129be73d79,128,b,2018-09-27T11:26:28.497Z,2018-09-29T00:53:03.892Z,b
5bac8a189d95d62846b672d4,440,c,2018-09-27T07:43:20.218Z,2018-09-30T18:03:26.022Z,c
5bac12d5fb707e3c5ad4079f,552,b,2018-09-26T23:14:29.017Z,2018-10-01T05:32:52.815Z,d
5babf571e4b0e7288b8f74fd,570,c,2018-09-26T21:09:05.073Z,2018-09-28T23:51:56.419Z,c
5babd098d3f038761b21ba0e,317,a,2018-09-26T18:31:52.126Z,2018-09-28T04:00:31.485Z,a
5bab7ecc61c83029de1eadf5,547,c,2018-09-26T12:42:52.724Z,2018-09-29T04:08:08.244Z,e
5bab705361c83029de1eaa60,583,b,2018-09-26T11:41:07.992Z,2018-09-27T23:44:07.230Z,b
5bab589a952f007b686a0f16,159,a,2018-09-26T09:59:54.859Z,2018-09-27T10:11:08.674Z,a
5baaa6fdccc8626083188201,205,b,2018-09-25T21:22:05.637Z,2018-09-27T09:17:48.171Z,d
5baa96e9ccc8626083187e16,548,c,2018-09-25T20:13:29.120Z,2018-09-27T19:11:36.847Z,c
5baa7cf0a25fba41a1fad333,572,a,2018-09-25T18:22:40.410Z,2018-09-27T10:10:59.974Z,a
5baa303f052c6b671e6320e7,528,c,2018-09-25T12:55:27.100Z,2018-09-28T05:14:00.279Z,e
5baa130f99f9a4472a87bf2c,592,a,2018-09-25T10:50:55.066Z,2018-09-28T05:15:19.423Z,a
5ba80013376af9376ac44ef1,502,b,2018-09-23T21:05:23.579Z,2018-09-25T10:02:15.225Z,d
5ba7f3c3376af9376ac449dd,550,c,2018-09-23T20:12:51.605Z,2018-09-26T05:11:31.083Z,c
5ba78e7ede2e97208fc7cf7e,141,b,2018-09-23T13:00:46.155Z,2018-09-25T00:39:22.297Z,b
5ba78c45de2e97208fc7ced3,566,c,2018-09-23T12:51:17.627Z,2018-09-26T05:11:59.227Z,e
5ba74874e88f2355b8411554,534,c,2018-09-23T08:01:56.176Z,2018-09-25T09:51:10.072Z,c
5ba6e9e5f5a8d463e76866b4,573,b,2018-09-23T01:18:29.870Z,2018-09-25T03:55:18.288Z,d
5ba68d26b8cc3b01e05bf78b,540,a,2018-09-22T18:42:46.184Z,2018-09-24T04:38:13.853Z,a
5ba6154543ca420770035b24,596,b,2018-09-22T10:11:17.178Z,2018-09-24T00:05:46.936Z,b
5ba604cb22c61434e4568600,166,a,2018-09-22T09:00:59.567Z,2018-09-23T11:07:46.497Z,a
5ba5f20e22c61434e4567e73,108,c,2018-09-22T07:41:02.556Z,2018-09-22T17:57:06.918Z,c
5ba563e7fbd9d95ef7333351,139,b,2018-09-21T21:34:31.494Z,2018-09-23T09:50:24.922Z,d
5ba5568a845ceb3b95a0b010,528,a,2018-09-21T20:37:30.077Z,2018-09-22T22:36:25.833Z,a
5ba549a0845ceb3b95a0aa1e,577,c,2018-09-21T19:42:24.609Z,2018-09-23T18:55:33.543Z,c
5ba4e81cb72198028f033d00,619,c,2018-09-21T12:46:20.428Z,2018-09-23T18:55:26.609Z,e
5ba4ce23b72198028f03337f,535,b,2018-09-21T10:55:31.793Z,2018-09-23T00:31:56.148Z,b
5ba4a0d3edb0e341dd5e2f66,588,c,2018-09-21T07:42:11.419Z,2018-09-23T11:13:13.104Z,c
5ba42dc6143d535fca99a79d,622,b,2018-09-20T23:31:18.583Z,2018-09-22T09:29:26.782Z,c
5ba403e4ef39843a720cd631,456,c,2018-09-20T20:32:36.935Z,2018-09-22T17:56:54.284Z,c
5ba36ade4e20262d83982f8b,380,b,2018-09-20T09:39:42.227Z,2018-09-22T06:31:21.045Z,b
5ba358934e20262d8398282b,317,a,2018-09-20T08:21:39.517Z,2018-09-21T15:31:21.711Z,a
5ba2d1f5a9dbcd6966471e24,315,b,2018-09-19T22:47:17.891Z,2018-09-21T13:58:42.984Z,b
5ba29cc198adcd7f675be9a3,398,a,2018-09-19T19:00:17.340Z,2018-09-20T17:26:59.746Z,a
5ba20a9272e9dc1a325dc37c,570,a,2018-09-19T08:36:34.127Z,2018-09-20T16:31:19.165Z,a
5ba1725509a8d82cb18dec11,464,b,2018-09-18T21:47:01.467Z,2018-09-20T10:26:52.079Z,c
5ba1508c8d528358bfeee539,141,a,2018-09-18T19:22:52.552Z,2018-09-19T18:16:23.878Z,a
5ba0d4a6cb0a704efd085301,413,b,2018-09-18T10:34:14.600Z,2018-09-20T05:05:47.151Z,b
5ba0c2119659800a12343122,566,a,2018-09-18T09:14:57.462Z,2018-09-19T18:29:23.837Z,a
5ba0bcec9659800a12342eb0,139,b,2018-09-18T08:53:00.677Z,2018-09-18T21:39:28.204Z,b
5ba0ad2a9659800a123426e3,616,c,2018-09-18T07:45:46.667Z,2018-09-20T15:36:33.815Z,c
5ba00165dc260e79c8e7ab5b,540,c,2018-09-17T19:32:53.781Z,2018-09-19T18:16:16.711Z,c
5b9ffe09b5fc3a5951bd14a6,205,b,2018-09-17T19:18:33.575Z,2018-09-19T04:32:08.474Z,c
5b9ffacab5fc3a5951bd1380,572,a,2018-09-17T19:04:42.934Z,2018-09-18T18:37:16.631Z,a
5b9fa20e87a15b7cf3574672,574,c,2018-09-17T12:46:06.737Z,2018-09-19T16:18:00.225Z,e
5b9f6a64cff03e30c341995c,139,b,2018-09-17T08:48:36.436Z,2018-09-18T08:50:59.691Z,b
5b9edecf8829e94576e91ffc,456,b,2018-09-16T22:53:03.716Z,2018-09-18T10:17:10.749Z,c
5b9eb4e28829e94576e911e8,366,c,2018-09-16T19:54:10.348Z,2018-09-18T17:44:09.488Z,c
5b9eacb2e1ac811ac7f6095a,512,a,2018-09-16T19:19:14.596Z,2018-09-17T18:59:10.531Z,a
5b9e2048b1c9285536d3ff4a,149,b,2018-09-16T09:20:08.194Z,2018-09-18T01:16:45.175Z,b
5b9e178ab1c9285536d3fac5,549,a,2018-09-16T08:42:50.824Z,2018-09-17T12:16:46.525Z,a
5b9e08ac048cc52bcff4c72b,552,c,2018-09-16T07:39:24.425Z,2018-09-18T07:30:46.173Z,c
5b9d6e7aa035803a3245ad7c,380,b,2018-09-15T20:41:30.346Z,2018-09-17T07:11:34.783Z,a
5b9d61ee712fce02b77b2240,129,c,2018-09-15T19:47:58.193Z,2018-09-17T22:10:37.103Z,c
5b9d6199712fce02b77b221e,315,a,2018-09-15T19:46:33.966Z,2018-09-16T19:15:57.142Z,a
5b9d0365f402d84c04f09721,623,c,2018-09-15T13:04:37.803Z,2018-09-17T07:06:58.162Z,c
5b9cb2b19a898369b73e0e76,632,b,2018-09-15T07:20:17.063Z,2018-09-16T20:50:58.026Z,b
5b9c30e68dfd2d33bdaa38b9,612,b,2018-09-14T22:06:30.641Z,2018-09-16T12:22:01.788Z,b
5b9c0f44bf20d805d130517f,550,c,2018-09-14T19:43:00.424Z,2018-09-17T07:06:50.335Z,c
5b9c0aa6bf20d805d1304f9d,166,a,2018-09-14T19:23:18.673Z,2018-09-15T18:43:08.446Z,a
5b9b681a839d731200032684,466,c,2018-09-14T07:49:46.116Z,2018-09-16T16:38:49.216Z,c
5b9ac217351f892182b8fa08,139,b,2018-09-13T20:01:27.170Z,2018-09-15T08:35:38.901Z,d
5b9a5a3bf9066a5885abc303,618,c,2018-09-13T12:38:19.015Z,2018-09-15T21:33:05.847Z,e
5b9a2c7a2aa01f3afd1bcd12,353,b,2018-09-13T09:23:06.771Z,2018-09-14T21:12:24.203Z,b
5b9a24452aa01f3afd1bc923,512,c,2018-09-13T08:48:05.991Z,2018-09-15T07:52:30.535Z,c
5b999695e5653d1972d9e90f,529,b,2018-09-12T22:43:33.541Z,2018-09-14T09:58:28.438Z,d
5b996ef195201a6c4021853b,625,a,2018-09-12T19:54:25.687Z,2018-09-14T04:08:47.977Z,a
5b9969b2388a47451d074c0f,312,c,2018-09-12T19:32:02.742Z,2018-10-09T11:29:36.337Z,c
5b990aa6b7f2b16b99fb5caa,616,c,2018-09-12T12:46:30.463Z,2018-09-15T03:54:23.441Z,e
5b98e838f358c526b25a2186,480,b,2018-09-12T10:19:36.123Z,2018-09-14T05:03:39.227Z,b
5b98c3eb3f1f40255926c7e3,315,c,2018-09-12T07:44:43.087Z,2018-09-14T06:34:35.235Z,c
5b982efdbda97f0d0d9adfe2,514,b,2018-09-11T21:09:17.208Z,2018-09-13T11:22:51.626Z,c
5b9818b7bda97f0d0d9ad2c7,134,c,2018-09-11T19:34:15.484Z,2018-09-14T04:09:42.442Z,c
5b98127dbda97f0d0d9acebe,451,a,2018-09-11T19:07:41.898Z,2018-09-12T22:02:49.027Z,a
5b97b615bf533a50f00326de,503,c,2018-09-11T12:33:25.163Z,2018-09-14T04:09:22.325Z,e
5b97859512d4c159f12f9448,542,b,2018-09-11T09:06:29.063Z,2018-09-12T21:33:05.576Z,b
5b97834812d4c159f12f92b0,538,a,2018-09-11T08:56:40.046Z,2018-09-12T09:19:44.605Z,a
5b976ee46b0cea131f4d5c39,612,c,2018-09-11T07:29:40.549Z,2018-09-14T03:59:33.344Z,c
5b96d6cc84e07e48324b9876,141,b,2018-09-10T20:40:44.920Z,2018-09-12T08:45:08.066Z,d
5b96ca8384e07e48324b8f1e,462,c,2018-09-10T19:48:19.474Z,2018-09-12T18:17:49.400Z,c
5b96c32c84e07e48324b899f,623,a,2018-09-10T19:17:00.436Z,2018-09-12T05:23:09.611Z,a
5b9664f421ebb43bcba08b3d,444,c,2018-09-10T12:35:00.620Z,2018-09-12T22:30:41.628Z,e
5b96452217f2a006854b55c4,317,a,2018-09-10T10:19:14.486Z,2018-09-15T03:54:50.603Z,a
5b9627ff17f2a006854b448b,470,b,2018-09-10T08:14:55.450Z,2018-09-11T20:57:51.443Z,b
5b95937cf3933411bb92a504,327,b,2018-09-09T21:41:16.668Z,2018-09-11T09:48:01.840Z,c
5b958715b4fb057102baffe6,513,b,2018-09-09T20:48:21.316Z,2018-09-11T09:48:01.840Z,c
5b95770d393b05493a9a7835,552,a,2018-09-09T19:39:57.208Z,2018-09-11T04:05:27.505Z,a
5b9575b5393b05493a9a77c4,321,c,2018-09-09T19:34:13.847Z,2018-09-10T07:10:22.399Z,c
5b9513cd74c99315efc524f6,535,c,2018-09-09T12:36:29.259Z,2018-09-12T05:22:44.786Z,e
5b94e038ff2de06e70bc7de7,557,b,2018-09-09T08:56:24.697Z,2018-09-10T21:44:32.574Z,b
5b94cafe8ffcdf312c50d23c,205,c,2018-09-09T07:25:50.174Z,2018-09-11T04:01:58.006Z,c
5b9431c89b52143c0250d079,537,b,2018-09-08T20:32:08.195Z,2018-09-10T16:58:24.827Z,c
5b942a4b62072b7efac64af6,451,a,2018-09-08T20:00:11.567Z,2018-09-09T20:31:39.672Z,a
5b93ca54e227f00c0e709f79,577,c,2018-09-08T13:10:44.274Z,2018-09-11T04:03:52.862Z,e
5b93c5c7e227f00c0e709cc3,108,c,2018-09-08T12:51:19.404Z,2018-09-11T04:03:52.862Z,e
5b9388bbe227f00c0e707a60,582,b,2018-09-08T08:30:51.498Z,2018-09-09T21:34:55.470Z,b
5b938404e227f00c0e70779b,438,c,2018-09-08T08:10:44.584Z,2018-09-10T05:42:36.570Z,c
5b92f8d53839ec4ac119454a,529,b,2018-09-07T22:16:53.529Z,2018-09-09T10:37:11.261Z,d
5b92d4324da28178b9683e2a,446,c,2018-09-07T19:40:34.094Z,2018-09-10T03:35:25.393Z,c
5b92cd404da28178b96839fc,561,a,2018-09-07T19:10:56.459Z,2018-09-09T06:07:18.027Z,a
5b92759cdb328966092d2d63,435,c,2018-09-07T12:57:00.632Z,2018-09-09T20:31:31.273Z,e
5b923212df9fc54d76370914,600,b,2018-09-07T08:08:50.259Z,2018-09-08T20:38:46.910Z,b
5b922fa2df9fc54d7637081c,480,c,2018-09-07T07:58:26.067Z,2018-09-10T05:45:42.367Z,c
5b91ab6ba4d32a70cf426bce,528,b,2018-09-06T22:34:19.821Z,2018-09-09T07:12:55.374Z,c
5b91837e65e43e44bfc64c5a,557,a,2018-09-06T19:43:58.380Z,2018-09-07T20:46:54.321Z,a
5b90fb6592758e5d79fa966b,635,a,2018-09-06T10:03:17.442Z,2018-09-07T09:46:28.721Z,a
5b90df1a6d441e24fbc2da85,470,b,2018-09-06T08:02:34.734Z,2018-09-07T23:31:47.932Z,b
5b90d88b48fa2278fa5cd7c7,595,c,2018-09-06T07:34:35.787Z,2018-09-09T06:07:23.331Z,c
5b9039df7738c471f78adba8,109,b,2018-09-05T20:17:35.171Z,2018-09-07T08:48:22.871Z,d
5b8fcd94e78c5015169e0940,317,c,2018-09-05T12:35:32.003Z,2018-09-07T18:38:56.424Z,e
5b8fa8927f3e8e2ab8e2a006,511,a,2018-09-05T09:57:38.652Z,2018-09-06T10:14:34.585Z,a
5b8f9ac77f3e8e2ab8e29734,315,b,2018-09-05T08:58:47.157Z,2018-09-06T11:21:42.737Z,c
5b8f877d7f3e8e2ab8e28c58,619,c,2018-09-05T07:36:29.334Z,2018-09-07T18:05:22.022Z,c
5b8f16202a0e7e1ef02334f4,589,b,2018-09-04T23:32:48.698Z,2018-09-10T16:58:24.827Z,c
5b8ee28a3f55107c79febf75,618,c,2018-09-04T19:52:42.793Z,2018-09-06T19:59:40.661Z,c
5b8ece2df9c49d30189ffab0,543,a,2018-09-04T18:25:49.959Z,2018-09-05T18:09:00.123Z,a
5b8e81b620ca657993393fe9,533,c,2018-09-04T12:59:34.487Z,2018-09-06T18:14:59.657Z,e
5b8e7a6720ca657993393a68,622,b,2018-09-04T12:28:23.783Z,2018-09-06T02:17:47.459Z,c
5b8e46363ac79e140e8a74c2,398,a,2018-09-04T08:45:42.448Z,2018-09-05T15:22:07.276Z,a
5b8e44633ac79e140e8a7320,540,b,2018-09-04T08:37:55.366Z,2018-09-05T23:34:05.216Z,b
5b8e35e03ac79e140e8a66d8,205,c,2018-09-04T07:36:00.506Z,2018-09-06T05:36:52.453Z,c
5b8da2186e4fff08cd31f7c7,108,c,2018-09-03T21:05:28.532Z,2018-09-05T15:48:53.226Z,c
5b8d98316e4fff08cd31efe2,581,b,2018-09-03T20:23:13.900Z,2018-09-05T08:13:29.222Z,d
5b8d89791f835d43d7d75f03,353,a,2018-09-03T19:20:25.400Z,2018-09-04T18:51:52.141Z,a
5b8d2deb2d40bd1726a13532,513,c,2018-09-03T12:49:47.487Z,2018-09-06T16:00:45.075Z,e
5b8cff5d4ffe1d0a0aeea5f6,417,b,2018-09-03T09:31:09.279Z,2018-09-05T04:09:28.604Z,b
5b8cfaf94ffe1d0a0aeea37c,109,a,2018-09-03T09:12:25.051Z,2018-09-04T09:30:53.313Z,a
5b8c70d9e72a5956d1b31eb4,550,b,2018-09-02T23:23:05.297Z,2018-09-05T08:13:53.422Z,d
5b8c3b0168860413387b8241,544,c,2018-09-02T19:33:21.612Z,2018-09-04T17:31:20.669Z,c
5b8c2ee168860413387b7a87,370,a,2018-09-02T18:41:37.901Z,2018-09-03T17:21:07.086Z,a
5b8bd8e6ca003c31b94b8fc6,438,c,2018-09-02T12:34:46.157Z,2018-09-04T17:30:20.127Z,e
5b8bb64fda848d6887539a58,531,b,2018-09-02T10:07:11.272Z,2018-09-03T21:54:05.559Z,b
5b8b9ae6fe534624ec48b388,599,c,2018-09-02T08:10:14.100Z,2018-09-04T04:52:50.341Z,c
5b8b0383432d6145f0ad1547,558,c,2018-09-01T21:24:19.001Z,2018-09-03T21:47:42.574Z,c
5b8afda4432d6145f0ad1103,537,b,2018-09-01T20:59:16.962Z,2018-09-03T09:23:10.375Z,d
5b8af0f2432d6145f0ad06fb,435,a,2018-09-01T20:05:06.936Z,2018-09-02T22:42:36.462Z,a
5b8a8a393186104032ea3c5e,471,c,2018-09-01T12:46:49.081Z,2018-09-04T09:30:35.261Z,e
5b89c344d042e7356f9a84b3,597,b,2018-08-31T22:37:56.240Z,2018-09-02T09:08:20.461Z,d
5b899bcd1f1155652baf913e,446,c,2018-08-31T19:49:33.138Z,2018-09-03T16:16:59.215Z,c
5b89964c1f1155652baf8e06,545,a,2018-08-31T19:26:04.573Z,2018-09-01T20:57:46.967Z,a
5b89407e6faac34d64ef4752,542,c,2018-08-31T13:19:58.887Z,2018-09-03T11:15:13.824Z,e
5b88fb2bc04c7c1de9dbcfe3,590,a,2018-08-31T08:24:11.016Z,2018-09-01T15:10:37.230Z,a
5b88f24ce987b65cacfe72ec,470,c,2018-08-31T07:46:20.897Z,2018-09-02T16:15:37.763Z,c
5b886535fa9a9f3fb51ad81c,111,c,2018-08-30T21:44:21.512Z,2018-09-02T05:02:10.865Z,c
5b885eb941abef0aed377578,623,b,2018-08-30T21:16:41.052Z,2018-09-01T07:57:40.266Z,d
5b885ab041abef0aed377345,540,a,2018-08-30T20:59:28.339Z,2018-09-01T04:17:21.035Z,a
5b87eba33a873e2a5c221458,155,c,2018-08-30T13:05:39.783Z,2018-09-02T05:02:02.569Z,e
5b87a7449927cb12c6e0c4e2,315,b,2018-08-30T08:13:56.987Z,2018-08-31T23:56:57.103Z,b
5b87a14c9927cb12c6e0c2fe,462,c,2018-08-30T07:48:28.347Z,2018-09-01T06:08:52.748Z,c
5b8772a03091ed4567c16e5b,512,c,2018-08-30T04:29:20.470Z,2018-09-01T04:17:04.671Z,c
5b86ff236778b119deeabdb4,518,b,2018-08-29T20:16:35.862Z,2018-08-31T05:16:28.991Z,d
5b86fb236778b119deeabc27,557,a,2018-08-29T19:59:31.574Z,2018-08-30T23:41:51.844Z,a
5b86f73f6778b119deeaba91,413,c,2018-08-29T19:42:55.145Z,2018-08-31T17:40:34.598Z,c
5b866fdde04590465cb68baf,521,b,2018-08-29T10:05:17.789Z,2018-08-30T22:02:20.353Z,b
5b865176e04590465cb67ee4,529,c,2018-08-29T07:55:34.502Z,2018-08-31T09:51:32.477Z,c
5b85c8e0d6fba87d177c523a,581,c,2018-08-28T22:12:48.714Z,2018-08-30T23:41:23.362Z,c
5b85c572d6fba87d177c5104,537,b,2018-08-28T21:58:10.115Z,2018-08-30T10:03:45.547Z,d
5b85ac89231a9b35cab86ef8,569,a,2018-08-28T20:11:53.297Z,2018-08-29T22:51:10.974Z,a
5b854ede3390434321e9a3bd,532,c,2018-08-28T13:32:14.622Z,2018-08-31T05:26:51.594Z,e
5b850d435199143390644f39,558,b,2018-08-28T08:52:19.891Z,2018-08-28T21:18:34.275Z,b
5b848e910f254435253dc760,632,c,2018-08-27T23:51:45.700Z,2018-08-30T09:54:18.943Z,c
5b8463abafd9ae7b3fa6bd29,108,a,2018-08-27T20:48:43.343Z,2018-08-28T20:29:41.330Z,a
5b8456eaafd9ae7b3fa6b8f6,358,b,2018-08-27T19:54:18.584Z,2018-08-29T06:07:51.129Z,c
5b83f22e1db6017601b2338e,528,c,2018-08-27T12:44:30.444Z,2018-08-29T22:50:57.969Z,e
5b831df6a9dbdf4951ad6174,531,b,2018-08-26T21:39:02.791Z,2018-08-28T08:34:34.698Z,c
5b83063f04429208626f2c74,574,a,2018-08-26T19:57:51.355Z,2018-08-28T07:52:53.137Z,a
5b82a1ec27f97515c7781813,398,c,2018-08-26T12:49:48.727Z,2018-08-29T03:49:18.767Z,e
5b81da7fe8110024b55f98dd,550,b,2018-08-25T22:38:55.796Z,2018-08-27T10:23:13.850Z,c
5b81501e1fbfe66d58d48b88,511,c,2018-08-25T12:48:30.983Z,2018-08-28T04:19:21.994Z,e
5b8127fcd3177e520266b01a,537,a,2018-08-25T09:57:16.760Z,2018-08-26T15:11:12.226Z,a
5b81100196661d0ac90d680d,528,c,2018-08-25T08:14:57.845Z,2018-08-25T13:22:41.787Z,c
5b810bdd96661d0ac90d66f6,514,b,2018-08-25T07:57:17.078Z,2018-08-27T01:09:48.317Z,b
5b8075246d31380790b96e68,524,a,2018-08-24T21:14:12.914Z,2018-08-25T19:17:34.081Z,a
5b806fa66d31380790b96cee,557,c,2018-08-24T20:50:46.327Z,2018-08-26T17:23:16.829Z,c
5b806ead6d31380790b96cab,535,b,2018-08-24T20:46:37.825Z,2018-08-26T09:46:44.645Z,c
5b7fdc934f57105d9466eb6a,523,b,2018-08-24T10:23:15.366Z,2018-08-26T00:10:57.938Z,b
5b7f276e9ed263799439372f,542,b,2018-08-23T21:30:22.363Z,2018-08-26T01:26:37.162Z,c
5b7f14c6fe2fd31124204c3d,550,a,2018-08-23T20:10:46.935Z,2018-08-25T04:15:21.899Z,a
5b7eab9ceda644744eaa4599,531,c,2018-08-23T12:42:04.772Z,2018-08-26T04:25:08.501Z,e
5b7e850838a06e4e7a1042f5,548,b,2018-08-23T09:57:28.566Z,2018-08-24T22:52:58.352Z,b
5b7e668a9972f0371bfed09d,444,c,2018-08-23T07:47:22.462Z,2018-08-29T04:11:20.666Z,c
5b7e66729972f0371bfed09c,166,c,2018-08-23T07:46:58.643Z,2018-08-29T04:11:20.666Z,c
5b7de1134ebff0398d602777,592,a,2018-08-22T22:17:55.505Z,2018-08-23T22:41:48.406Z,a
5b7dc3fcc87ce419aab14b76,502,b,2018-08-22T20:13:48.701Z,2018-08-24T09:36:04.161Z,c
5b7d5d1c1891f822e958be65,328,c,2018-08-22T12:54:52.638Z,2018-08-25T05:00:19.106Z,e
5b7d2d1a83d1d25d0ce2f8e6,594,b,2018-08-22T09:30:02.780Z,2018-08-23T22:21:18.538Z,b
5b7d28a683d1d25d0ce2f7aa,558,c,2018-08-22T09:11:02.020Z,2018-08-24T19:46:16.809Z,c
5b7c94359687093a69b6d917,518,b,2018-08-21T22:37:41.800Z,2018-08-23T08:32:08.135Z,c
5b7c78899687093a69b6d0b0,540,c,2018-08-21T20:39:37.610Z,2018-08-24T11:58:06.437Z,c
5b7c15f5fa13304a53d40725,543,c,2018-08-21T13:39:01.767Z,2018-08-23T23:33:07.259Z,e
5b7be07732266a2d6b291294,535,c,2018-08-21T09:50:47.847Z,2018-08-23T10:10:06.239Z,c
5b7bcf7a6e457a0a13bd0042,524,a,2018-08-21T08:38:18.953Z,2018-08-22T15:01:52.679Z,a
5b7bc8526e457a0a13bcfd6f,557,b,2018-08-21T08:07:46.427Z,2018-08-22T20:31:36.701Z,b
5b7b551f77f3ce184692855e,537,c,2018-08-20T23:56:15.359Z,2018-08-23T09:45:15.872Z,c
5b7b4f6e77f3ce18469283ea,523,b,2018-08-20T23:31:58.155Z,2018-08-22T16:52:59.077Z,c
5b7b09301247f65682c2ada5,528,a,2018-08-20T18:32:16.852Z,2018-08-22T04:33:19.599Z,a
5b7ac02cae1b047cdcd1ae71,574,c,2018-08-20T13:20:44.745Z,2018-08-23T23:25:52.246Z,e
5b7a7c6f3a93f15091cff70f,569,a,2018-08-20T08:31:43.152Z,2018-08-21T16:48:30.088Z,a
5b79e93a6938b25903b2906a,521,b,2018-08-19T22:03:38.369Z,2018-08-21T09:40:47.502Z,c
5b79c6c9e131d21b9bd227f2,542,c,2018-08-19T19:36:41.727Z,2018-08-22T19:23:32.101Z,c
5b79bbcbe131d21b9bd22540,598,a,2018-08-19T18:49:47.737Z,2018-08-21T12:23:11.335Z,a
5b7964f9e0a9bb48272df968,511,c,2018-08-19T12:39:21.332Z,2018-08-22T11:59:11.628Z,e
5b7951dfe0a9bb48272df533,619,a,2018-08-19T11:17:51.250Z,2018-08-21T12:23:26.244Z,a
5b7924dca257c52bcdd6e9ec,520,c,2018-08-19T08:05:48.759Z,2018-08-21T12:22:45.817Z,c
5b7889d8a228f32df7c8b94d,413,c,2018-08-18T21:04:24.439Z,2018-08-21T12:23:39.941Z,c
5b7875b0040e1e191c2aee47,502,b,2018-08-18T19:38:24.754Z,2018-08-20T14:32:20.744Z,c
5b7818cd9aa0b7319fb0cca1,592,c,2018-08-18T13:02:05.905Z,2018-08-21T12:22:58.197Z,e
5b77e04071b5c9716a6eff06,523,a,2018-08-18T09:00:48.433Z,2018-08-19T11:45:30.978Z,a
5b7740666b3ba24374d775a7,559,b,2018-08-17T21:38:46.154Z,2018-08-19T09:54:49.633Z,d
5b771cb7a59f7e1d5fc6a6b3,328,a,2018-08-17T19:06:31.162Z,2018-08-19T19:10:29.343Z,a
5b771bc6a59f7e1d5fc6a672,321,a,2018-08-17T19:02:30.245Z,2018-08-17T19:05:42.003Z,a
5b768ca59ec98f7f8ed3de6f,358,b,2018-08-17T08:51:49.187Z,2018-08-18T22:00:17.171Z,b
5b75ea62ca0f144e3db0a38f,166,c,2018-08-16T21:19:30.699Z,2018-08-19T19:10:44.204Z,c
5b75ce1269c2ed7f3d97f175,612,a,2018-08-16T19:18:42.462Z,2018-08-18T03:38:01.840Z,a
5b75889c90e30c39b08aa7ee,317,c,2018-08-16T14:22:20.207Z,2018-08-19T05:30:27.750Z,e
5b75409cfabe177478ed3409,446,a,2018-08-16T09:15:08.654Z,2018-08-17T12:11:57.747Z,a
5b7496bd3dc5ce477c3e9257,557,b,2018-08-15T21:10:21.904Z,2018-08-17T07:39:19.957Z,d
5b73ede5de00d478c9b61f8f,545,b,2018-08-15T09:09:57.696Z,2018-08-17T03:10:16.215Z,b
5b735aaf0f1cf47b5d587b27,532,b,2018-08-14T22:41:51.934Z,2018-08-16T08:38:31.809Z,d
5b733d50f146a359afc5b8aa,523,a,2018-08-14T20:36:32.879Z,2018-08-16T07:29:32.900Z,a
5b72b15af6a1ba400a7a3d86,558,b,2018-08-14T10:39:22.850Z,2018-08-15T23:12:13.950Z,b
5b71ef5a0333854952e0d1a8,530,a,2018-08-13T20:51:38.551Z,2018-08-16T07:31:31.125Z,a
5b71e7ac0333854952e0ceaf,330,c,2018-08-13T20:18:52.197Z,2018-08-16T07:29:54.702Z,c
5b71dee89e2ce428c253e6fd,515,b,2018-08-13T19:41:28.256Z,2018-08-15T05:47:11.248Z,d
5b71887e22a3794ce4077f3b,598,c,2018-08-13T13:32:46.847Z,2018-08-16T04:25:47.583Z,e
5b716d3638823f16167783bc,559,b,2018-08-13T11:36:22.355Z,2018-08-15T04:01:21.918Z,b
5b70db97722617627791a6db,585,b,2018-08-13T01:15:03.855Z,2018-08-14T22:32:16.088Z,d
5b707f6067fb87533369a50e,321,a,2018-08-12T18:41:36.379Z,2018-08-16T07:31:20.353Z,a
5b703a07d9ccf07b1ad45769,475,c,2018-08-12T13:45:43.311Z,2018-08-16T07:30:26.404Z,e
5b6fe9c50e720c28af797cb7,471,b,2018-08-12T08:03:17.071Z,2018-08-13T20:20:52.845Z,c
5b6fe54301027c4200fb9e62,628,c,2018-08-12T07:44:03.111Z,2018-08-16T04:08:06.031Z,c
5b6f5e86d3a3836f0d424311,557,b,2018-08-11T22:09:10.096Z,2018-08-13T20:20:32.100Z,d
5b6f513d63566350565b73e2,577,a,2018-08-11T21:12:29.166Z,2018-08-13T15:54:33.290Z,a
5b6ee07586cfec508067989a,520,c,2018-08-11T13:11:17.872Z,2018-08-14T21:54:14.979Z,e
5b6ea7dec1768f1112a19b96,532,b,2018-08-11T09:09:50.258Z,2018-08-12T19:43:55.967Z,d
5b6e98e3895e0a706f5b92fe,446,c,2018-08-11T08:05:55.631Z,2018-08-13T15:54:21.760Z,c
5b6e1e8b12ed4a3cd188058d,328,c,2018-08-10T23:23:55.325Z,2018-08-13T05:03:13.162Z,c
5b6e06a112ed4a3cd187fba1,413,c,2018-08-10T21:41:53.156Z,2018-08-13T15:54:01.371Z,c
5b6d92dcdc6aaf1a3551b9f8,141,c,2018-08-10T13:27:56.381Z,2018-08-12T18:42:03.373Z,c
5b6d56534f6aa8687149c48c,518,b,2018-08-10T09:09:39.810Z,2018-08-11T18:47:17.731Z,d
5b6d543e4f6aa8687149c417,317,c,2018-08-10T09:00:46.964Z,2018-08-11T23:35:43.652Z,c
5b6d4296a95fc8501620ed99,550,c,2018-08-10T07:45:26.193Z,2018-08-12T20:23:41.070Z,c
5b6ca76331f20e24cf792294,569,a,2018-08-09T20:43:15.583Z,2018-08-11T09:31:41.809Z,a
5b6c9bc79e6c4707bd9d508f,546,b,2018-08-09T19:53:43.573Z,2018-08-11T08:15:27.796Z,b
5b6c35c10b4d6e2ef6427d8b,526,c,2018-08-09T12:38:25.941Z,2018-08-11T15:33:25.880Z,c
5b6c12c50b4d6e2ef6427353,417,b,2018-08-09T10:09:09.337Z,2018-08-09T14:25:48.914Z,d
5b6c0298cb1f40235e3241f7,536,a,2018-08-09T09:00:08.287Z,2018-08-10T06:36:21.526Z,a
5b6bf1edcb1f40235e323ced,618,c,2018-08-09T07:49:01.201Z,2018-08-12T20:23:27.588Z,c
5b6b5f44f357981ccc2a9359,574,b,2018-08-08T21:23:16.849Z,2018-08-10T14:29:59.363Z,b
5b6aedd6c596d6560725c40d,533,c,2018-08-08T13:19:18.768Z,2018-08-11T15:33:19.984Z,c
5b6aa8478a917604c971f052,471,c,2018-08-08T08:22:31.563Z,2018-08-10T06:15:00.730Z,c
5b6aa47c8a917604c971ef38,456,b,2018-08-08T08:06:20.349Z,2018-08-09T20:45:04.553Z,d
5b6a0eb4d98afb628f6ac7a5,344,b,2018-08-07T21:27:16.120Z,2018-08-09T10:05:44.186Z,b
5b6994da1917b21e4b1e353f,438,c,2018-08-07T12:47:22.126Z,2018-08-10T19:55:01.927Z,c
5b6970bd1917b21e4b1e261c,327,c,2018-08-07T10:13:17.896Z,2018-08-09T15:50:41.774Z,c
5b695f42dde373649bd302d7,479,b,2018-08-07T08:58:42.874Z,2018-08-08T20:05:19.850Z,d
5b68c214c8a4572ef6560848,612,b,2018-08-06T21:48:04.034Z,2018-08-08T16:53:57.104Z,d
5b68a8cf4fe3866b04fa39e2,566,a,2018-08-06T20:00:15.532Z,2018-08-09T19:23:10.322Z,a
5b6845002bd16c717546475b,155,c,2018-08-06T12:54:24.809Z,2018-08-10T07:29:56.913Z,c
5b681ea4819a6d56a40e1507,355,b,2018-08-06T10:10:44.671Z,2018-08-08T00:34:35.063Z,b
5b680ba9819a6d56a40e0f63,328,a,2018-08-06T08:49:45.073Z,2018-08-07T09:41:42.140Z,a
5b6769a236142b469a1c93bb,537,b,2018-08-05T21:18:26.159Z,2018-08-07T19:41:01.331Z,d
5b675ca3ccc4fa31dcdb96f8,524,a,2018-08-05T20:22:59.751Z,2018-08-07T05:46:45.816Z,a
5b6706a05bdc4b5f880dde30,540,c,2018-08-05T14:16:00.330Z,2018-08-07T17:10:18.384Z,c
5b66dd8ac0d30f2dd69d84f3,585,a,2018-08-05T11:20:42.344Z,2018-08-06T15:37:31.003Z,a
5b66af125d9fda1340def7f3,310,c,2018-08-05T08:02:26.237Z,2018-08-07T09:40:01.428Z,c
5b665ce2f7dcb12f93fab355,542,b,2018-08-05T02:11:46.231Z,2018-08-06T12:24:51.945Z,d
5b6601e1ac904065dee76dc9,617,c,2018-08-04T19:43:29.362Z,2018-10-09T11:27:46.636Z,c
5b65ffe9ac904065dee76d2c,539,a,2018-08-04T19:35:05.742Z,2018-08-06T15:14:06.458Z,a
5b65aa078a12af0fa61e6e31,536,c,2018-08-04T13:28:39.030Z,2018-08-07T18:17:02.930Z,c
5b6582a2fb7d294b330bc36c,516,a,2018-08-04T10:40:34.269Z,2018-08-05T15:23:30.006Z,a
5b657a32fb7d294b330bc14a,532,b,2018-08-04T10:04:34.766Z,2018-08-06T04:07:36.235Z,b
5b64b87318adac3ce3bef592,611,b,2018-08-03T20:17:55.875Z,2018-08-05T09:40:17.539Z,c
5b64ae8fb7b82e2e744fad9f,416,c,2018-08-03T19:35:43.666Z,2018-08-05T19:02:42.482Z,c
5b64aa91b7b82e2e744facd0,530,a,2018-08-03T19:18:41.310Z,2018-08-05T00:00:18.081Z,a
5b63714e5b696330a6228c4c,438,b,2018-08-02T21:02:06.059Z,2018-08-04T07:18:09.234Z,c
5b636fa75b696330a6228bd1,546,a,2018-08-02T20:55:03.071Z,2018-08-04T10:45:43.292Z,a
5b62d0bb63dbea40db1f4a24,612,b,2018-08-02T09:36:59.764Z,2018-08-04T02:54:34.585Z,b
5b6227396d8d98304e506a9a,550,b,2018-08-01T21:33:45.011Z,2018-08-03T08:59:39.515Z,c
5b6215506d8d98304e506602,471,a,2018-08-01T20:17:20.880Z,2018-08-03T05:22:41.701Z,a
5b61bce7af3a755b0ada3367,544,c,2018-08-01T14:00:07.357Z,2018-08-03T17:47:42.357Z,c
5b618c6d268cde3a621802e7,586,b,2018-08-01T10:33:17.511Z,2018-08-03T07:26:10.732Z,b
5b61716135ff13023b2d8785,585,c,2018-08-01T08:37:53.459Z,2018-08-03T08:09:58.883Z,c
5b60cc3bfc8ecc074f80f3cd,574,b,2018-07-31T20:53:15.977Z,2018-08-02T08:05:54.130Z,c
5b60c09afc8ecc074f80f0b7,545,a,2018-07-31T20:03:38.587Z,2018-08-02T05:30:49.809Z,a
5b606cbd553521040cd5b564,479,c,2018-07-31T14:05:49.394Z,2018-08-03T06:07:41.841Z,c
5b60385f553521040cd5a882,355,b,2018-07-31T10:22:23.560Z,2018-08-02T04:16:45.504Z,b
5b600b1a8d1ab0695e0e8152,541,c,2018-07-31T07:09:14.039Z,2018-08-02T09:58:20.064Z,c
5b5f89ef0f388d6e7cb58682,566,b,2018-07-30T21:58:07.306Z,2018-08-01T08:58:44.686Z,c
5b5f7a680f388d6e7cb582af,547,a,2018-07-30T20:51:52.390Z,2018-08-21T12:23:11.335Z,a
5b5f753a0f388d6e7cb58160,438,c,2018-07-30T20:29:46.770Z,2018-08-02T05:18:26.257Z,c
5b5f16214419b6260d701af9,620,c,2018-07-30T13:44:01.379Z,2018-07-30T17:46:51.035Z,c
5b5ebb2af12def4894b4891b,456,c,2018-07-30T07:15:54.106Z,2018-08-01T08:20:58.511Z,c
5b5e2abc440bd22a10ba97b3,321,b,2018-07-29T20:59:40.549Z,2018-07-31T06:43:31.712Z,c
5b5e101e85877c0b44bf8e87,332,a,2018-07-29T19:06:06.317Z,2018-07-31T04:56:35.256Z,a
5b5cd4438c25dd16bec3c25c,540,a,2018-07-28T20:38:27.084Z,2018-07-30T03:40:36.945Z,a
5b5ccab58c25dd16bec3c07f,558,b,2018-07-28T19:57:41.858Z,2018-07-30T05:55:45.899Z,c
5b5cc67ae9eb2b7afc1fc971,155,c,2018-07-28T19:39:38.268Z,2018-07-31T04:56:41.588Z,c
5b5c29875d2db01b575315cf,125,a,2018-07-28T08:29:59.152Z,2018-07-29T11:10:31.328Z,a
5b5b7e42745e9525e6748d67,553,c,2018-07-27T20:19:14.328Z,2018-07-28T11:01:33.971Z,c
5b5b7c40745e9525e6748d1c,549,b,2018-07-27T20:10:40.954Z,2018-07-31T12:02:23.782Z,d
5b5b6a78745e9525e67489e9,569,a,2018-07-27T18:54:48.446Z,2018-07-29T05:11:52.028Z,a
5b5b3aaa3c28ee7b44dd739b,519,c,2018-07-27T15:30:50.900Z,2018-07-30T07:49:56.949Z,c
5b5a25b3a717ee1722c9caec,526,b,2018-07-26T19:49:07.876Z,2018-07-28T19:41:10.390Z,c
5b5a2570a717ee1722c9cad2,370,c,2018-07-26T19:48:00.463Z,2018-07-28T16:18:29.655Z,c
5b5a1bf5a717ee1722c9c89f,524,a,2018-07-26T19:07:33.928Z,2018-07-27T20:10:49.031Z,a
5b58e35767793342888d4d8a,520,a,2018-07-25T20:53:43.752Z,2018-07-26T23:45:38.309Z,a
5b58d32267793342888d4a34,483,b,2018-07-25T19:44:34.947Z,2018-07-27T20:24:36.849Z,c
5b587c77ce99bc0a0e1149a4,551,c,2018-07-25T13:34:47.800Z,2018-07-27T19:03:51.869Z,c
5b582b783a1ada0517ea42c8,557,b,2018-07-25T07:49:12.382Z,2018-07-27T07:44:31.378Z,b
5b57add33a1ada0517ea2ea9,592,c,2018-07-24T22:53:07.387Z,2018-07-24T22:54:09.198Z,c
5b57ada43a1ada0517ea2ea0,526,c,2018-07-24T22:52:20.275Z,2018-07-24T22:54:09.198Z,c
5b578dc43a1ada0517ea28f8,515,b,2018-07-24T20:36:20.942Z,2018-07-27T01:06:31.474Z,c
5b57077645898855765b2570,569,a,2018-07-24T11:03:18.991Z,2018-07-25T17:26:13.348Z,a
5b56d59345898855765b1bf9,612,c,2018-07-24T07:30:27.743Z,2018-07-26T09:25:26.223Z,c
5b56527d3e02ef7a5b5af26e,574,c,2018-07-23T22:11:09.317Z,2018-07-25T19:39:08.523Z,c
5b563e0c3e02ef7a5b5aef60,438,b,2018-07-23T20:43:56.508Z,2018-07-26T01:43:01.984Z,c
5b55cd4532623b1bdd0c35d2,575,c,2018-07-23T12:42:45.358Z,2018-07-25T16:35:56.782Z,c
5b559d1f478c0c7f8c216849,580,b,2018-07-23T09:17:19.859Z,2018-08-04T02:54:34.585Z,b
5b54fd8f064350014192b737,321,b,2018-07-22T21:56:31.291Z,2018-07-24T10:38:12.672Z,b
5b547e1dc56bd407a9633bec,475,c,2018-07-22T12:52:45.740Z,2018-07-25T04:35:46.037Z,c
5b5436a2e3d6b7482e171786,600,a,2018-07-22T07:47:46.678Z,2018-07-23T16:18:36.337Z,a
5b543696e3d6b7482e171781,596,c,2018-07-22T07:47:34.154Z,2018-07-25T04:37:15.339Z,c
5b53e3148d47b40a51ebbf57,563,c,2018-07-22T01:51:16.578Z,2018-07-28T10:21:23.911Z,c
5b538c44ad855a4229101998,589,b,2018-07-21T19:40:52.533Z,2018-07-23T08:54:07.039Z,c
5b524b38497de43b8052bac1,483,b,2018-07-20T20:51:04.837Z,2018-07-22T09:21:55.852Z,c
5b51a128614fd610f6bf45a0,532,a,2018-07-20T08:45:28.573Z,2018-07-21T17:24:36.281Z,a
5b519750614fd610f6bf4317,515,b,2018-07-20T08:03:28.858Z,2018-07-22T05:03:07.313Z,b
5b51919c614fd610f6bf4184,136,c,2018-07-20T07:39:08.142Z,2018-07-28T16:18:29.655Z,c
5b510c34b36190153a8049fc,446,b,2018-07-19T22:09:56.299Z,2018-07-21T20:10:21.474Z,c
5b50f0d7ae4e3c4ff6d26933,478,c,2018-07-19T20:13:11.740Z,2018-07-21T23:15:43.820Z,c
5b50c2acae4e3c4ff6d25d04,583,a,2018-07-19T16:56:12.713Z,2018-07-21T03:52:48.576Z,a
5b5099cbb0115d2c6dd535df,553,c,2018-07-19T14:01:47.169Z,2018-07-23T08:10:16.545Z,c
5b50842ab0115d2c6dd5305c,557,c,2018-07-19T12:29:30.995Z,2018-07-21T22:42:09.936Z,c
5b5060f705782d0729d6d1e0,551,a,2018-07-19T09:59:19.277Z,2018-07-21T03:53:04.608Z,a
5b505d7105782d0729d6d0be,594,b,2018-07-19T09:44:17.738Z,2018-07-21T21:24:36.004Z,b
5b5043e148abad5c4ff86eac,464,c,2018-07-19T07:55:13.915Z,2018-07-19T10:29:35.228Z,c
5b4fab955abdce61346d70c6,141,b,2018-07-18T21:05:25.611Z,2018-07-20T06:20:09.840Z,c
5b4f94c534d0e73a02323f13,613,c,2018-07-18T19:28:05.308Z,2018-07-21T03:52:56.934Z,c
5b4efb4e93d2a641089116df,586,b,2018-07-18T08:33:18.786Z,2018-07-20T04:46:36.331Z,b
5b4e60edabcc96254d5a0e4c,438,b,2018-07-17T21:34:37.959Z,2018-07-19T08:29:35.382Z,d
5b4e5164dc18a57fc3213ebe,569,a,2018-07-17T20:28:20.801Z,2018-07-19T08:13:11.312Z,a
5b4df42b746be77e0c6d5bb6,363,c,2018-07-17T13:50:35.569Z,2018-07-19T12:10:52.385Z,c
5b4dcff62b27893d02e100d6,612,b,2018-07-17T11:16:06.625Z,2018-07-19T05:42:37.279Z,b
5b4d498d02f194119a39a96f,561,c,2018-07-17T01:42:37.798Z,2018-07-21T03:54:00.166Z,c
5b4d0592353a934483231f57,475,b,2018-07-16T20:52:34.606Z,2018-07-18T08:28:53.979Z,d
5b4cf1e182f6e57b613b61b5,344,a,2018-07-16T19:28:33.920Z,2018-07-21T03:53:43.881Z,a
5b4c96eadb01bf103c7dbbad,125,c,2018-07-16T13:00:26.013Z,2018-07-18T17:53:13.602Z,c
5b4c77cddb01bf103c7dadfc,583,a,2018-07-16T10:47:41.434Z,2018-07-17T19:27:44.999Z,a
5b4c524f15456a3a0ab0e084,574,b,2018-07-16T08:07:43.528Z,2018-07-18T01:36:51.639Z,b
5b4c4d3515456a3a0ab0de3c,440,c,2018-07-16T07:45:57.868Z,2018-07-18T09:46:51.815Z,c
5b4bfc91f0df8718b7d1ae06,585,c,2018-07-16T02:01:53.660Z,2018-07-18T03:57:58.158Z,c
5b4be1664b29d3557a3b5471,589,b,2018-07-16T00:05:58.851Z,2018-07-17T10:03:54.236Z,c
5b4ba2e0556c7b0b128cc4f6,523,a,2018-07-15T19:39:12.150Z,2018-07-18T13:48:17.837Z,a
5b4b4409f35cdd27fac0252c,528,c,2018-07-15T12:54:33.674Z,2018-07-21T03:59:37.252Z,c
5b4b06cbf50d7053cb8a4da5,594,b,2018-07-15T08:33:15.236Z,2018-07-17T00:52:45.074Z,b
5b4b0490f50d7053cb8a4d13,575,c,2018-07-15T08:23:44.683Z,2018-07-18T09:33:47.561Z,c
5b4aed9ed4d33f179c3367c2,327,a,2018-07-15T06:45:50.067Z,2018-07-16T07:43:56.052Z,a
5b4a6bb193e088554d398bdc,446,b,2018-07-14T21:31:29.932Z,2018-07-16T05:48:30.767Z,c
5b4a5f0a0387bb443fce8eec,592,c,2018-07-14T20:37:30.490Z,2018-07-17T06:12:26.160Z,c
5b49f1f0c76e736bb60e45c9,620,c,2018-07-14T12:52:00.907Z,2018-07-16T18:45:09.907Z,c
5b49cf382278ce3e91987a87,456,a,2018-07-14T10:23:52.471Z,2018-07-15T19:32:23.823Z,a
5b49afb49793707aff9c1267,556,b,2018-07-14T08:09:24.600Z,2018-07-15T20:22:24.623Z,b
5b4901ee60bf2345ac8747ba,511,b,2018-07-13T19:47:58.988Z,2018-07-16T09:49:20.085Z,d
5b48a2dce2be8c482bff6361,136,c,2018-07-13T13:02:20.035Z,2018-07-16T05:46:55.402Z,c
5b486296c564f75e8e2e0923,363,a,2018-07-13T08:28:06.244Z,2018-07-14T11:13:37.976Z,a
5b47c5ba7c3dfd6de4fc58a3,612,b,2018-07-12T21:18:50.183Z,2018-07-14T10:43:15.327Z,c
5b47a6abd0a630309f9ac54d,598,a,2018-07-12T19:06:19.011Z,2018-07-13T22:02:58.203Z,a
5b47a65fd0a630309f9ac522,617,c,2018-07-12T19:05:03.145Z,2018-07-15T00:31:45.517Z,c
5b474d7e2a3a93628bbac906,551,c,2018-07-12T12:45:50.444Z,2018-07-15T00:31:39.623Z,c
5b4712c9a3c5563f0bc381cf,536,a,2018-07-12T08:35:21.769Z,2018-07-13T11:45:18.929Z,a
5b4711d7a3c5563f0bc3816f,536,a,2018-07-12T08:31:19.768Z,2018-07-12T08:31:54.693Z,a
5b47069ca3c5563f0bc37cc1,580,c,2018-07-12T07:43:24.307Z,2018-07-14T05:22:50.253Z,c
5b46bcfec94210396b8dc0ee,321,b,2018-07-12T02:29:18.287Z,2018-07-13T11:53:39.223Z,c
5b466530a14eba3f62d03b4d,532,c,2018-07-11T20:14:40.361Z,2018-07-14T06:43:24.129Z,c
5b46597ca14eba3f62d0362c,466,a,2018-07-11T19:24:44.647Z,2018-07-13T00:22:44.025Z,a
5b460e97a2074549c9106f33,523,c,2018-07-11T14:05:11.175Z,2018-07-13T19:46:40.467Z,c
5b45c667f71598279c7a3fe6,327,a,2018-07-11T08:57:11.787Z,2018-07-12T08:30:44.207Z,a
5b4520bb21ac9d0edaabab70,528,c,2018-07-10T21:10:19.469Z,2018-07-11T15:49:01.670Z,c
5b4520b621ac9d0edaabab6f,566,c,2018-07-10T21:10:14.671Z,2018-07-11T15:49:01.670Z,c
5b44b1be2399e449b30a2aa3,330,c,2018-07-10T13:16:46.265Z,2018-07-12T17:40:10.925Z,c
5b4482875313d904336864dd,440,b,2018-07-10T09:55:19.485Z,2018-07-11T20:58:03.396Z,b
5b4475a95313d904336861b7,478,c,2018-07-10T09:00:25.664Z,2018-07-12T08:25:40.624Z,c
5b440b121bd20347596e08a1,370,b,2018-07-10T01:25:38.420Z,2018-07-11T16:46:41.725Z,c
5b43bc6ecc9ad308997858d6,513,c,2018-07-09T19:50:06.131Z,2018-07-11T18:22:13.793Z,c
5b4355b26308405ed910f3b8,483,c,2018-07-09T12:31:46.979Z,2018-07-11T17:35:06.923Z,c
5b4314557fd16c7532be0aba,511,b,2018-07-09T07:52:53.784Z,2018-07-12T07:32:20.493Z,b
5b4310707fd16c7532be098b,141,c,2018-07-09T07:36:16.531Z,2018-07-11T07:57:28.749Z,c
5b428dc87026a26e2bde973a,556,b,2018-07-08T22:18:48.008Z,2018-07-11T06:48:01.191Z,c
5b4266518cfac2511616d841,399,c,2018-07-08T19:30:25.172Z,2018-07-25T04:37:15.339Z,c
5b4205790374f522c477d3b5,522,c,2018-07-08T12:37:13.784Z,2018-07-08T17:25:32.432Z,c
5b41e1180374f522c477ca56,600,b,2018-07-08T10:02:00.790Z,2018-07-10T10:10:52.250Z,b
5b41cf9dfbd85708e2c04cde,517,a,2018-07-08T08:47:25.742Z,2018-07-09T16:37:37.781Z,a
5b41c101fbd85708e2c049ea,534,c,2018-07-08T07:45:05.303Z,2018-07-10T21:51:01.491Z,c
5b4158bdbd75ab7fb3cf0482,580,b,2018-07-08T00:20:13.035Z,2018-07-09T08:16:49.684Z,c
5b4141aebd75ab7fb3ceff8f,325,b,2018-07-07T22:41:50.029Z,2018-08-03T22:23:42.989Z,c
5b411d7b3fd56135426b5299,620,c,2018-07-07T20:07:23.538Z,2018-07-09T17:45:00.191Z,c
5b40b6e58bcbdf5c1d0f521a,575,c,2018-07-07T12:49:41.041Z,2018-07-09T16:37:27.133Z,c
5b409f7270f5353b1f25b21b,617,a,2018-07-07T11:09:38.568Z,2018-07-08T10:37:17.220Z,a
5b407779cfdcee05178d50bd,611,b,2018-07-07T08:19:05.689Z,2018-07-08T22:44:55.501Z,b
5b406fbacfdcee05178d4ed7,435,c,2018-07-07T07:46:02.526Z,2018-07-09T16:38:57.046Z,c
5b3fd1a13824f843b2ac952a,557,a,2018-07-06T20:31:29.523Z,2018-07-07T21:25:45.013Z,a
5b3fc9523824f843b2ac930f,107,c,2018-07-06T19:56:02.818Z,2018-07-13T09:36:47.346Z,c
5b3f2b37c7bfae2dd3a280e7,573,b,2018-07-06T08:41:27.849Z,2018-07-07T23:49:20.419Z,b
5b3f1c59c7bfae2dd3a27d65,579,c,2018-07-06T07:38:01.225Z,2018-07-08T08:34:31.391Z,c
5b3e9b95c6f8a46e2e143184,616,c,2018-07-05T22:28:37.009Z,2018-07-08T05:05:07.694Z,c
5b3e8e1507f6a15bcc27b6b8,594,b,2018-07-05T21:31:01.904Z,2018-07-07T10:53:32.664Z,c
5b3e78906832d531d5d6de62,523,a,2018-07-05T19:59:12.617Z,2018-07-07T19:09:37.115Z,a
5b3e24f74a1f4f20fa5c94c1,462,c,2018-07-05T14:02:31.053Z,2018-07-07T19:27:56.087Z,c
5b3dda1f07269d3c7dc41896,612,b,2018-07-05T08:43:11.758Z,2018-07-07T01:09:21.556Z,b
5b3dd6b207269d3c7dc417bc,532,c,2018-07-05T08:28:34.649Z,2018-07-07T17:45:13.198Z,c
5b3d2d775128572464535f25,513,a,2018-07-04T20:26:31.299Z,2018-07-06T09:48:56.164Z,a
5b3d298e9929346b01a93535,598,b,2018-07-04T20:09:50.569Z,2018-07-06T09:47:48.516Z,b
5b3d255c9929346b01a9340e,517,c,2018-07-04T19:51:56.583Z,2018-07-06T19:35:02.183Z,c
5b3ce55311314b41c52e8eb6,473,c,2018-07-04T15:18:43.147Z,2018-07-06T16:49:32.659Z,c
5b3cb9936e7d186d6d24249f,580,b,2018-07-04T12:12:03.966Z,2018-07-05T21:52:39.626Z,c
5b3ca7606e7d186d6d2420b0,325,c,2018-07-04T10:54:24.787Z,2018-07-07T06:40:33.703Z,c
5b3bf72025c70218e7ed7152,370,c,2018-07-03T22:22:24.022Z,2018-07-06T09:48:34.194Z,c
5b3bd73525c70218e7ed6901,559,b,2018-07-03T20:06:13.921Z,2018-07-05T07:01:10.662Z,c
5b3b7161ca0937720dcd35db,576,c,2018-07-03T12:51:45.235Z,2018-07-07T09:38:44.256Z,c
5b3b29bb2ed098420e976eb2,552,c,2018-07-03T07:46:03.323Z,2018-07-05T17:11:00.540Z,c
5b3b23cc2ed098420e976d45,443,b,2018-07-03T07:20:44.099Z,2018-07-04T21:53:07.029Z,b
5b3aaa136c62a724b6775922,560,c,2018-07-02T22:41:23.459Z,2018-07-04T20:45:06.097Z,c
5b3a91556efca1776a1c8790,374,b,2018-07-02T20:55:49.269Z,2018-07-04T06:54:09.188Z,d
5b3a5dd9575f472b0f13e6f4,592,a,2018-07-02T17:16:09.058Z,2018-07-05T17:12:30.304Z,c
5b3a28b594d6cd6b06aaadfa,589,b,2018-07-02T13:29:25.372Z,2018-07-04T05:35:18.295Z,b
5b39e6e899ea0b155fde0b34,572,c,2018-07-02T08:48:40.099Z,2018-07-05T06:12:57.339Z,c
5b399008940dfa7eb44b9958,600,b,2018-07-02T02:38:00.933Z,2018-07-03T16:40:02.497Z,d
5b398a06940dfa7eb44b9779,317,c,2018-07-02T02:12:22.828Z,2018-07-05T17:14:01.141Z,c
5b39732c24c13e612b25292e,581,c,2018-07-02T00:34:52.510Z,2018-07-05T17:13:16.407Z,c
5b38f9849261793197d5aa09,525,b,2018-07-01T15:55:48.637Z,2018-07-01T19:45:53.274Z,b
5b3842a36e32c7344aada7ce,412,c,2018-07-01T02:55:31.532Z,2018-07-03T16:02:43.343Z,c
5b38395c30cf8b07c436c31e,401,a,2018-07-01T02:15:56.844Z,2018-07-02T17:52:26.039Z,f
5b37f27acd443e279469d269,437,c,2018-06-30T21:13:30.021Z,2018-07-02T20:57:17.776Z,c
5b37e13cb1e98179e965e404,566,b,2018-06-30T19:59:56.713Z,2018-07-02T05:37:35.769Z,c
5b377c8792971a4fba43e324,136,c,2018-06-30T12:50:15.002Z,2018-07-03T16:03:04.967Z,c
5b3749988daedd2ff0e58d5f,363,b,2018-06-30T09:12:56.461Z,2018-07-02T02:19:38.372Z,f
5b3724f17d84e050c65c4110,564,a,2018-06-30T06:36:33.108Z,2018-07-01T09:37:23.574Z,c
5b36ef9f8c9461279289b662,451,c,2018-06-30T02:49:03.420Z,2018-07-02T17:52:44.537Z,c
5b36d3a78f434976c6cb8ce5,575,c,2018-06-30T00:49:43.501Z,2018-07-02T01:14:20.511Z,c
5b36aba23567462a14af52e0,155,a,2018-06-29T21:58:58.371Z,2018-06-30T20:19:03.307Z,a
5b36aab03567462a14af528f,616,b,2018-06-29T21:54:56.783Z,2018-07-01T08:38:52.691Z,c
5b367343b07348508f5ca326,620,a,2018-06-29T17:58:27.475Z,2018-07-01T04:18:39.528Z,c
5b3645972b07674d81b46a67,618,b,2018-06-29T14:43:35.300Z,2018-07-01T05:06:29.621Z,b
5b36351d2b07674d81b465d8,559,c,2018-06-29T13:33:17.920Z,2018-07-01T19:09:59.895Z,c
5b3616ffa815f527e26d2bf0,556,b,2018-06-29T11:24:47.957Z,2018-07-01T05:05:47.888Z,f
5b35ec2758f9b5556bfc78b2,513,c,2018-06-29T08:21:59.122Z,2018-06-30T05:29:42.042Z,c
5b35c432f393451bf44123aa,536,a,2018-06-29T05:31:30.441Z,2018-06-30T18:19:50.033Z,f
5b359e00e9f3f23e758ebfd5,570,c,2018-06-29T02:48:32.607Z,2018-07-01T16:59:10.118Z,c
5b356977bda23119abee9910,440,c,2018-06-28T23:04:23.545Z,2018-06-30T17:27:42.021Z,c
5b3550b8eb6b5370976acf07,579,b,2018-06-28T21:18:48.148Z,2018-06-30T07:11:47.821Z,c
5b3527f49a9bd21af18aea67,557,c,2018-06-28T18:24:52.780Z,2018-06-30T17:28:00.215Z,c
5b34f7e502fa4e180d247b94,612,b,2018-06-28T14:59:49.073Z,2018-06-30T05:02:07.271Z,b
5b34e3f702fa4e180d2475b9,595,a,2018-06-28T13:34:47.245Z,2018-06-29T21:30:35.179Z,c
5b34b0c767f6b54d0153d833,562,c,2018-06-28T09:56:23.853Z,2018-06-30T17:28:09.694Z,c
5b34993e93f160285c343cd5,587,b,2018-06-28T08:15:58.282Z,2018-06-30T05:02:38.835Z,f
5b34317fa78aae4a4eaa3597,111,c,2018-06-28T00:53:19.197Z,2018-06-30T17:27:51.846Z,c
5b33ec8e3c6c226e4f09966a,531,b,2018-06-27T19:59:10.600Z,2018-06-29T12:31:07.730Z,c
5b33ccc480cb3516462a87ac,525,a,2018-06-27T17:43:32.350Z,2018-06-30T01:36:14.083Z,c
5b33a9ee80cb3516462a7e16,619,b,2018-06-27T15:14:54.786Z,2018-07-01T19:45:53.274Z,b
5b3370f8d3703933000c2674,308,c,2018-06-27T11:11:52.422Z,2018-06-29T19:19:00.547Z,c
5b335696b21d7a6985d5da7c,438,b,2018-06-27T09:19:18.818Z,2018-07-01T19:43:37.391Z,f
5b332bb3015b82647f2f73fe,553,c,2018-06-27T06:16:19.119Z,2018-06-29T05:56:48.735Z,c
5b32e8050505181be0a726f8,582,c,2018-06-27T01:27:33.810Z,2018-06-28T03:41:09.016Z,c
5b328e509d7f8a4152851982,590,a,2018-06-26T19:04:48.454Z,2018-06-30T01:35:48.071Z,g
5b328b379d7f8a4152851884,555,c,2018-06-26T18:51:35.515Z,2018-06-28T18:28:27.170Z,c
5b32681e2a80d96f4710ce5b,572,b,2018-06-26T16:21:50.880Z,2018-06-28T03:58:45.235Z,c
5b324c92e9941725596359a0,584,c,2018-06-26T14:24:18.927Z,2018-06-30T01:36:04.394Z,c
5b3217d6dbf9ce532bf860b3,574,b,2018-06-26T10:39:18.222Z,2018-06-28T17:11:12.420Z,b
5b3201da21f5584c4e7973fd,586,c,2018-06-26T09:05:30.416Z,2018-06-27T17:47:49.504Z,c
5b3200eee660b4488b6d9595,523,a,2018-06-26T09:01:34.293Z,2018-06-27T12:02:37.366Z,c
5b31fcbe9324bd3a370df3bf,443,b,2018-06-26T08:43:42.680Z,2018-06-28T05:31:05.175Z,f
5b31c91c36ce2c0c3860b008,599,c,2018-06-26T05:03:24.733Z,2018-06-27T01:51:58.414Z,c
5b31b3d38aa7355506efe4b5,588,c,2018-06-26T03:32:35.243Z,2018-06-28T21:36:06.815Z,c
5b31b3998aa7355506efe49d,308,c,2018-06-26T03:31:37.470Z,2018-06-27T01:40:47.661Z,c
5b31a7238aa7355506efe15b,594,a,2018-06-26T02:38:27.375Z,2018-06-27T07:26:33.502Z,h
5b3168522315a7045e238a36,366,c,2018-06-25T22:10:26.906Z,2018-06-26T11:57:11.831Z,c
5b31438711f31c4a58f7604a,107,b,2018-06-25T19:33:27.503Z,2018-06-27T08:43:30.607Z,c
5b312071ae11b50d4d6f4a4e,407,a,2018-06-25T17:03:45.964Z,2018-06-27T01:51:47.489Z,c
5b31186eae11b50d4d6f47ac,369,b,2018-06-25T16:29:34.450Z,2018-06-27T07:00:17.000Z,f
5b30a5931d1a2052cbb5dc1f,519,b,2018-06-25T08:19:31.953Z,2018-06-26T20:40:36.244Z,b
5b306680b56599053fd2f2f2,375,b,2018-06-25T03:50:24.807Z,2018-06-26T19:26:07.959Z,f
5b305b49b56599053fd2ef71,446,c,2018-06-25T03:02:33.888Z,2018-06-27T01:52:09.016Z,c
5b301706b56599053fd2d802,518,a,2018-06-24T22:11:18.159Z,2018-06-26T16:35:21.840Z,c
5b300900b56599053fd2d30c,573,c,2018-06-24T21:11:28.921Z,2018-06-27T09:51:11.868Z,c
5b2fd782b56599053fd2c1d0,325,b,2018-06-24T17:40:18.619Z,2018-06-26T00:42:15.365Z,c
5b2f94efb56599053fd2aac2,344,b,2018-06-24T12:56:15.928Z,2018-06-26T09:12:01.054Z,f
5b2f5f0fb56599053fd2968d,321,b,2018-06-24T09:06:23.797Z,2018-06-25T23:58:27.016Z,b
5b2f23bfb56599053fd27f38,374,b,2018-06-24T04:53:19.882Z,2018-06-25T20:37:19.906Z,f
5b2eef89b56599053fd26a24,580,c,2018-06-24T01:10:33.631Z,2018-06-29T23:05:46.145Z,c
5b2ea62bb56599053fd24d4a,138,b,2018-06-23T19:57:31.597Z,2018-06-25T07:25:10.721Z,c
5b2e744fb56599053fd23981,384,b,2018-06-23T16:24:47.066Z,2018-10-09T11:24:05.763Z,f
5b2e0d13b56599053fd21229,312,b,2018-06-23T09:04:19.120Z,2018-06-25T01:03:51.808Z,b
5b2ddc0eb56599053fd1fe1d,370,c,2018-06-23T05:35:10.106Z,2018-06-25T23:50:45.665Z,c
5b2db42ab56599053fd1edfc,466,b,2018-06-23T02:44:58.215Z,2018-06-25T20:38:53.507Z,f
5b2d7f06b56599053fd1d9d7,480,c,2018-06-22T22:58:14.709Z,2018-06-23T01:51:35.059Z,c
5b2d555bb56599053fd1ca7f,308,b,2018-06-22T20:00:27.496Z,2018-06-24T04:54:45.329Z,c
5b2d045ab56599053fd1ae55,317,c,2018-06-22T14:14:50.683Z,2018-06-24T11:02:52.340Z,c
5b2cb2c1b56599053fd19d62,438,b,2018-06-22T08:26:41.853Z,2018-06-24T00:58:54.590Z,b
5b2c95feb56599053fd197cf,119,c,2018-06-22T06:23:58.652Z,2018-10-09T11:22:35.678Z,c
5b2c10bab56599053fd17e6d,107,b,2018-06-21T20:55:22.479Z,2018-06-23T06:58:00.092Z,c
5b2b6859fe768674cb78cc0f,440,c,2018-06-21T08:56:57.853Z,2018-06-23T06:52:57.037Z,c
5b2ab4282b4e2e4310d0677e,464,b,2018-06-20T20:08:08.298Z,2018-06-22T05:44:15.084Z,c
5b2a0bc3770f7c31885a641c,396,b,2018-06-20T08:09:39.954Z,2018-06-22T00:33:22.306Z,b
5b2a05bd770f7c31885a6200,125,c,2018-06-20T07:43:57.209Z,2018-06-22T05:15:03.466Z,c
5b29c54bf1e69b42238f1b3d,391,b,2018-06-20T03:08:59.351Z,2018-06-21T19:55:49.620Z,c
5b295cb2df5ac77376402304,401,c,2018-06-19T19:42:42.206Z,2018-06-21T17:22:17.014Z,c
5b294fa5df5ac77376401ce8,370,a,2018-06-19T18:47:01.928Z,2018-06-20T20:07:12.254Z,a
5b28fb7d57acbe7e1a74ab33,330,c,2018-06-19T12:47:57.941Z,2018-06-21T12:06:38.670Z,c
5b28e69957acbe7e1a74a53f,443,b,2018-06-19T11:18:49.652Z,2018-06-21T00:41:06.268Z,b
5b28b1bbfd73b136ab6381d9,342,c,2018-06-19T07:33:15.660Z,2018-06-21T04:40:06.870Z,c
5b28182e2dd8780c4826dced,475,b,2018-06-18T20:38:06.747Z,2018-06-20T22:31:19.017Z,c
5b280bad8a0b4d660e83a52a,148,c,2018-06-18T19:44:45.684Z,2018-06-20T18:40:02.149Z,c
5b2805a48a0b4d660e83a2e1,144,a,2018-06-18T19:19:00.545Z,2018-06-19T17:39:10.276Z,a
5b26c2aa8f157c67f8e688c7,338,c,2018-06-17T20:20:58.017Z,2018-06-22T08:57:36.419Z,c
5b26b40f8ad60317db8e0cb1,111,b,2018-06-17T19:18:39.752Z,2018-06-19T05:38:43.622Z,c
5b26568e1e40d14cafd0a69e,437,c,2018-06-17T12:39:42.193Z,2018-06-19T17:19:44.677Z,c
5b2627898038c7072dc46d10,312,b,2018-06-17T09:19:05.486Z,2018-06-18T22:41:31.129Z,b
5b2566889cd3537588215db2,317,c,2018-06-16T19:35:36.572Z,2018-06-17T16:21:50.229Z,c
5b2558089cd35375882159eb,470,b,2018-06-16T18:33:44.397Z,2018-06-18T05:59:06.260Z,c
5b2507eb12ce4362c3ab134f,346,c,2018-06-16T12:51:55.012Z,2018-09-05T05:07:47.986Z,c
5b24eafe00ff203f8876979b,462,a,2018-06-16T10:48:30.323Z,2018-06-17T17:39:12.053Z,a
5b2419d9ddc9c74daffb3b66,464,b,2018-06-15T19:56:09.787Z,2018-06-17T09:23:10.256Z,c
5b23ba406866304eabec1740,155,c,2018-06-15T13:08:16.891Z,2018-06-18T08:17:42.025Z,c
5b236eb09241a13612b1a1b7,366,c,2018-06-15T07:45:52.923Z,2018-06-17T17:39:40.726Z,c
5b22dbfd5ec4a86bbb8031d4,310,b,2018-06-14T21:19:57.908Z,2018-06-16T11:51:02.321Z,c
5b22c3e956a4952f364bd86e,134,c,2018-06-14T19:37:13.921Z,2018-06-16T23:58:59.952Z,c
5b2219abb437952e23e20df8,136,c,2018-06-14T07:30:51.767Z,2018-06-16T05:52:36.726Z,c
5b218911427f2a71b8cd6999,475,b,2018-06-13T21:13:53.310Z,2018-06-15T06:55:00.294Z,c
5b217f7d427f2a71b8cd67ac,144,c,2018-06-13T20:33:01.345Z,2018-06-15T19:01:44.663Z,c
5b20d67031a18840d1b4cadb,456,b,2018-06-13T08:31:44.679Z,2018-06-14T23:07:18.034Z,b
5b20c811387a0039775ef061,129,c,2018-06-13T07:30:25.699Z,2018-06-13T08:15:26.372Z,c
5b202c17f414fe08d1222b69,308,b,2018-06-12T20:24:55.680Z,2018-06-14T06:09:03.684Z,c
5b202153f414fe08d1222914,407,c,2018-06-12T19:38:59.316Z,2018-06-14T18:44:56.567Z,c
5b201f65e8c9555205942b3c,384,a,2018-06-12T19:30:45.428Z,2018-06-13T21:01:07.047Z,a
5b1f89e70299b3698e4d1424,401,a,2018-06-12T08:52:55.606Z,2018-06-13T13:37:13.753Z,a
5b1f80a61618a37e9d311add,464,b,2018-06-12T08:13:26.925Z,2018-06-14T01:00:48.816Z,b
5b1f798b1618a37e9d31199f,119,c,2018-06-12T07:43:07.513Z,2018-06-14T07:24:06.392Z,c
5b1ebe37c4299618df15cf2b,473,a,2018-06-11T18:23:51.802Z,2018-06-12T19:28:09.465Z,a
5b1e33095c6f80177621a290,138,b,2018-06-11T08:30:01.391Z,2018-06-12T23:00:36.497Z,b
5b1e26c95c6f801776219f63,310,c,2018-06-11T07:37:45.011Z,2018-06-13T10:31:51.536Z,c
5b1d91d178707b5906d8cd63,370,b,2018-06-10T21:02:09.607Z,2018-06-12T07:37:47.135Z,c
5b1d876667365b3e57c85c5c,437,c,2018-06-10T20:17:42.884Z,2018-06-13T18:24:58.655Z,c
5b1ce78fb0d9aa06bc519a39,470,b,2018-06-10T08:55:43.587Z,2018-06-11T22:45:02.845Z,b
5b1ce13cb0d9aa06bc519887,451,a,2018-06-10T08:28:44.184Z,2018-06-11T09:35:37.589Z,a
5b1cd418c2a1015f710c9e61,480,c,2018-06-10T07:32:40.298Z,2018-06-12T04:28:46.496Z,c
5b1c54fa6664bb3b12fdc536,338,b,2018-06-09T22:30:18.571Z,2018-06-11T08:25:01.831Z,c
5b1c2d62c5561d6ea7244d09,125,c,2018-06-09T19:41:22.600Z,2018-06-11T22:01:50.725Z,c
5b1b956059a8e6592db22a90,136,a,2018-06-09T08:52:48.958Z,2018-06-10T11:35:42.402Z,a
5b1b04c0c892142a94545b75,475,b,2018-06-08T22:35:44.932Z,2018-06-10T08:03:05.435Z,c
5b1adf53f6fd2714543da86d,446,c,2018-06-08T19:56:03.233Z,2018-06-10T19:13:57.966Z,i
5b1ad204d16104770af50334,344,a,2018-06-08T18:59:16.426Z,2018-06-08T21:20:23.089Z,a
5b1a55be3235623de686cf24,456,b,2018-06-08T10:09:02.111Z,2018-06-10T01:13:14.824Z,b
5b199b9cae5a19696ee84d3e,106,b,2018-06-07T20:54:52.406Z,2018-06-09T08:29:58.627Z,c
5b197cd700d7ae2c96b45886,473,a,2018-06-07T18:43:35.021Z,2018-06-08T21:12:18.595Z,a
5b192a72b6c8df369b1cc2f1,312,c,2018-06-07T12:52:02.427Z,2018-06-09T16:06:16.077Z,c
5b18fc4d399ac160a537f9b4,364,b,2018-06-07T09:35:09.608Z,2018-06-08T23:32:27.213Z,b
5b1838c41c6b0c462db60f97,138,b,2018-06-06T19:40:52.980Z,2018-06-08T05:50:40.046Z,c
5b18352e1c6b0c462db60ef8,375,c,2018-06-06T19:25:34.844Z,2018-06-08T18:24:48.485Z,c
5b17d7b0d1b0e828b6e5dc44,384,c,2018-06-06T12:46:40.070Z,2018-06-08T21:12:26.824Z,c
5b178ee96adc540a4117c68e,401,c,2018-06-06T07:36:09.085Z,2018-06-06T07:36:58.127Z,c
5b17896086941157f8707fa5,369,b,2018-06-06T07:12:32.744Z,2018-06-07T22:23:17.117Z,b
5b170ca64cc798673223e85c,325,b,2018-06-05T22:20:22.215Z,2018-06-07T17:56:21.214Z,c
5b163e7050e29f701be4dc9a,475,b,2018-06-05T07:40:32.851Z,2018-06-06T18:50:34.366Z,b
5b163de650e29f701be4dc83,136,c,2018-06-05T07:38:14.343Z,2018-06-07T05:27:42.463Z,c
5b15944f4a6cb373d4e4cbc7,464,c,2018-06-04T19:34:39.547Z,2018-06-06T17:40:24.525Z,c
5b153c29b76b8746060c2751,129,c,2018-06-04T13:18:33.185Z,2018-06-06T11:36:40.206Z,c
5b14f3b5b8edcb773b525e17,391,a,2018-06-04T08:09:25.966Z,2018-06-05T09:51:12.246Z,a
5b14ed10b8edcb773b525cff,141,c,2018-06-04T07:41:04.585Z,2018-06-06T04:39:17.760Z,c
5b14500cc805c12f1363a980,310,b,2018-06-03T20:31:08.139Z,2018-06-05T07:03:12.610Z,c
5b144343c805c12f1363a6a0,473,c,2018-06-03T19:36:35.602Z,2018-06-05T17:18:52.362Z,c
5b1397f3c11a681b93dec2df,456,b,2018-06-03T07:25:39.238Z,2018-06-04T21:46:07.487Z,b
5b1300a004b2d03b14884048,466,b,2018-06-02T20:40:00.125Z,2018-06-04T07:08:48.786Z,c
5b12faa504b2d03b14883ef7,399,a,2018-06-02T20:14:29.986Z,2018-06-03T20:30:24.327Z,a
5b12f32378182b5f71e8052e,312,c,2018-06-02T19:42:27.124Z,2018-06-04T16:33:22.984Z,c
5b12478d5140a44ee6a3daed,363,c,2018-06-02T07:30:21.855Z,2018-06-04T06:27:13.238Z,c
5b11add538c77c7c12a6d850,374,b,2018-06-01T20:34:29.836Z,2018-06-03T11:47:23.807Z,c
5b119f8538c77c7c12a6d4c6,308,c,2018-06-01T19:33:25.570Z,2018-06-03T16:11:57.429Z,c
5b11054971f5450a34d69e20,384,a,2018-06-01T08:35:21.702Z,2018-06-02T07:57:54.629Z,a
5b1066c9682ca278442a3e73,325,b,2018-05-31T21:19:05.797Z,2018-06-02T06:34:00.753Z,c
5b10559f682ca278442a39f1,107,a,2018-05-31T20:05:51.041Z,2018-06-01T22:24:40.495Z,a
5b104daf8d44584d589cc620,369,c,2018-05-31T19:31:59.817Z,2018-06-02T17:13:46.173Z,c
5b0fb5e94e45ce7a86579271,304,a,2018-05-31T08:44:25.026Z,2018-06-01T08:04:08.553Z,a
5b0f9db6ec5d312ae55147a3,155,b,2018-05-31T07:01:10.186Z,2018-06-02T15:21:10.893Z,b
5b0f16dcd90dba234b822e00,446,b,2018-05-30T21:25:48.756Z,2018-06-01T09:23:26.916Z,c
5b0f05d7cc3ca87ea7f95cfa,375,a,2018-05-30T20:13:11.843Z,2018-05-31T19:02:24.418Z,a
5b0efee1cc3ca87ea7f95b3b,144,c,2018-05-30T19:43:29.251Z,2018-06-01T16:45:42.906Z,c
5b0eafb1f59ea86653712d97,338,c,2018-05-30T14:05:37.905Z,2018-06-01T16:45:51.428Z,c
5b0e5e19bcb3ff4142bb1523,342,c,2018-05-30T08:17:29.694Z,2018-06-02T05:43:38.562Z,c
5b0e4a673f60da0516e185c7,475,b,2018-05-30T06:53:27.232Z,2018-05-31T21:15:00.454Z,b
5b0dc395b2cfc9714e1c899e,396,b,2018-05-29T21:18:13.187Z,2018-05-31T06:15:11.295Z,c
5b0dac59b2cfc9714e1c837a,466,c,2018-05-29T19:39:05.193Z,2018-05-31T15:48:21.298Z,c
5b0daaa2b2cfc9714e1c833b,456,a,2018-05-29T19:31:46.545Z,2018-05-30T21:19:29.780Z,a
5b0d0194d60e011d1305cc55,509,b,2018-05-29T07:30:28.960Z,2018-05-30T23:49:17.963Z,b
5b0c66dc2e095610f353f7cd,119,b,2018-05-28T20:30:20.390Z,2018-05-30T05:44:58.503Z,d
5b0c5b82bfdf3446274e512c,401,c,2018-05-28T19:41:54.677Z,2018-05-30T18:02:37.047Z,c
5b0bfc219098b7044c123a3a,363,c,2018-05-28T12:54:57.735Z,2018-05-30T12:17:25.079Z,c
5b0bcebd501f717386fe99bd,321,b,2018-05-28T09:41:17.095Z,2018-05-29T20:54:35.000Z,b
5b0bb10bb616fb14ffbdbe54,364,c,2018-05-28T07:34:35.295Z,2018-05-30T15:17:09.491Z,c
5b0b16f0866a510a13781656,355,b,2018-05-27T20:37:04.581Z,2018-05-29T05:56:13.934Z,c
5b0b07b9b3ac831d5b984e57,467,c,2018-05-27T19:32:09.203Z,2018-05-29T15:30:22.023Z,c
5b0aab97334ec41e211ad500,304,c,2018-05-27T12:59:03.891Z,2018-05-30T04:45:34.708Z,c
5b0a743af0adc0046507bb18,446,b,2018-05-27T09:02:50.173Z,2018-05-28T20:00:02.833Z,b
5b09c4209bddc96807450315,384,b,2018-05-26T20:31:28.512Z,2018-05-28T05:26:42.403Z,c
5b09bd7f9bddc96807450121,301,a,2018-05-26T20:03:11.240Z,2018-05-27T20:09:32.763Z,a
5b09b8bbc2b6d437a898ee11,391,c,2018-05-26T19:42:51.419Z,2018-05-28T17:56:42.475Z,c
5b09283c65bc8d2a44d3c12c,129,c,2018-05-26T09:26:20.157Z,2018-05-28T08:33:34.255Z,c
5b08fdccb836d609fb9b7105,417,b,2018-05-26T06:25:16.247Z,2018-05-28T06:01:35.720Z,b
5b088c7c3ee0a33f8b35326a,466,b,2018-05-25T22:21:48.585Z,2018-05-27T08:46:08.207Z,c
5b08660318e13d7bddd4e9de,475,c,2018-05-25T19:37:39.715Z,2018-05-27T16:59:56.877Z,c
5b0805ed4fce5022a173c8f9,173,c,2018-05-25T12:47:41.698Z,2018-05-27T15:01:08.006Z,c
5b07da619d187b30289e2ecd,119,b,2018-05-25T09:41:53.110Z,2018-05-26T22:57:41.302Z,b
5b07bf76494ec06f36ee35ec,308,c,2018-05-25T07:47:02.091Z,2018-05-27T05:55:49.318Z,c
5b071d53e09442588f17b5c7,141,b,2018-05-24T20:15:15.071Z,2018-05-26T05:54:40.559Z,c
5b0719b5e09442588f17b44b,401,a,2018-05-24T19:59:49.155Z,2018-05-25T21:52:05.139Z,a
5b071458e09442588f17b227,338,c,2018-05-24T19:36:56.898Z,2018-05-27T19:25:17.957Z,c
5b066b3482d58a26201252af,369,b,2018-05-24T07:35:16.666Z,2018-05-24T13:14:43.137Z,b
5b05d850b07b644d57d1a523,470,b,2018-05-23T21:08:32.271Z,2018-05-25T08:26:45.266Z,c
5b05c7811c33292dd37e80c0,325,a,2018-05-23T19:56:49.054Z,2018-05-24T19:21:54.286Z,a
5b05c5a41c33292dd37e804e,355,c,2018-05-23T19:48:52.656Z,2018-05-25T18:44:59.861Z,c
5b0564f1ac347f6d9f226222,326,c,2018-05-23T12:56:17.033Z,2018-05-25T13:13:02.733Z,c
5b0549a37fa60c49f9450c42,375,c,2018-05-23T10:59:47.866Z,2018-05-25T05:32:36.068Z,c
5b0549197fa60c49f9450c0f,114,c,2018-05-23T10:57:29.120Z,2018-06-01T16:45:51.428Z,c
5b0548df7fa60c49f9450bf7,449,c,2018-05-23T10:56:31.665Z,2018-05-28T15:43:02.544Z,c
5b05353c7fa60c49f945041e,446,b,2018-05-23T09:32:44.584Z,2018-05-24T20:55:55.646Z,b
5b048076898394205d6c458d,445,b,2018-05-22T20:41:26.853Z,2018-05-24T05:27:35.186Z,c
5b047d17898394205d6c4412,366,a,2018-05-22T20:27:03.621Z,2018-05-23T20:42:48.221Z,a
5b04720d898394205d6c3fa6,304,c,2018-05-22T19:39:57.722Z,2018-05-24T17:44:24.289Z,c
5b03e1df1b624e775e97af75,321,b,2018-05-22T09:24:47.878Z,2018-05-23T20:34:48.612Z,b
5b0324d2812f9954d6cf7788,141,b,2018-05-21T19:58:10.182Z,2018-05-23T07:21:31.977Z,c
5b032003812f9954d6cf757a,403,c,2018-05-21T19:37:39.539Z,2018-05-23T17:32:26.743Z,c
5b02966afcc8bb6725c7c134,480,b,2018-05-21T09:50:34.879Z,2018-05-22T22:40:55.613Z,b
5b0284bca0cacd58ab56c6fb,475,a,2018-05-21T08:35:08.671Z,2018-05-22T10:19:59.582Z,a
5b01cfbdb5cd993e11d5c016,166,b,2018-05-20T19:42:53.877Z,2018-05-22T08:31:49.734Z,c
5b01ce8fb5cd993e11d5bf76,466,c,2018-05-20T19:37:51.101Z,2018-05-22T15:49:29.909Z,c
5b016debba910b4c6bd8330f,367,c,2018-05-20T12:45:31.393Z,2018-06-22T08:57:49.033Z,c
5b010eff51b7c865cd85b8c6,421,b,2018-05-20T06:00:31.194Z,2018-05-21T18:29:49.638Z,b
5b0091b005aa574eee4e77c7,366,c,2018-05-19T21:05:52.154Z,2018-05-21T18:20:52.175Z,c
5b00845d05aa574eee4e72d8,141,a,2018-05-19T20:09:01.291Z,2018-05-21T04:33:08.520Z,a
5b002e17f809703936a29b48,363,c,2018-05-19T14:00:55.247Z,2018-05-21T16:34:16.352Z,c
5affd38fc57e4b19edfbe503,483,b,2018-05-19T07:34:39.475Z,2018-05-21T19:02:57.677Z,b
5aff5e1d66021772eb37f9d5,326,c,2018-05-18T23:13:33.252Z,2018-05-20T11:04:41.286Z,c
5aff339a711b742aa8f5301b,155,a,2018-05-18T20:12:10.302Z,2018-05-19T21:49:31.692Z,a
5aff3218711b742aa8f52f7c,355,b,2018-05-18T20:05:44.820Z,2018-05-20T05:45:50.895Z,c
5afe967b5d40eb57c8915786,139,c,2018-05-18T09:01:47.427Z,2018-05-20T05:00:53.567Z,c
5afe8f3e5d40eb57c89154d0,470,b,2018-05-18T08:30:54.397Z,2018-05-19T22:42:36.233Z,b
5afe77c75d40eb57c8914bdc,301,c,2018-05-18T06:50:47.270Z,2018-05-20T06:50:15.995Z,c
5afe336728ef7e2079eab6fd,475,c,2018-05-18T01:59:03.860Z,2018-05-19T11:35:56.724Z,c
5afe0ce9b8a7b84efd651e18,403,a,2018-05-17T23:14:49.003Z,2018-05-18T22:50:30.835Z,a
5afdf88db8a7b84efd6516d5,327,b,2018-05-17T21:47:57.627Z,2018-05-19T07:11:44.042Z,c
5afddaeb03dd3f1c7a7ffb73,166,c,2018-05-17T19:41:31.731Z,2018-05-19T16:34:55.842Z,c
5afd702c504d3e5c6e866b8b,471,c,2018-05-17T12:06:04.838Z,2018-05-19T07:39:57.835Z,c
5afd375996b3101b68fbc320,446,b,2018-05-17T08:03:37.231Z,2018-05-18T23:04:09.450Z,b
5afcc5ff04fb0e78a7550730,155,c,2018-05-16T23:59:59.616Z,2018-05-17T03:29:34.371Z,c
5afca5db04fb0e78a754fc6a,310,a,2018-05-16T21:42:51.287Z,2018-05-17T21:23:11.850Z,a
5afc9ba6ab11694c0689a9ff,480,b,2018-05-16T20:59:18.457Z,2018-05-18T12:18:07.123Z,c
5afc3d0fea1adb1847570057,325,c,2018-05-16T14:15:43.603Z,2018-05-18T17:06:39.713Z,c
5afbeaf2dbe3313ba58c75e2,421,b,2018-05-16T08:25:22.938Z,2018-05-17T20:44:44.438Z,b
5afb3e4db3cdcd25d6b6d83a,114,b,2018-05-15T20:08:45.706Z,2018-05-17T05:31:31.867Z,c
5afae799146a8a07021c4bd3,119,c,2018-05-15T13:58:49.414Z,2018-05-17T15:24:58.138Z,c
5afa8d76caad6719486df183,366,b,2018-05-15T07:34:14.079Z,2018-05-16T18:31:12.584Z,b
5af9f8d9a7d269411ba54728,445,b,2018-05-14T21:00:09.758Z,2018-05-16T12:24:31.727Z,c
5af9f72fa7d269411ba54694,136,a,2018-05-14T20:53:03.555Z,2018-05-15T22:39:21.227Z,a
5af9e3037593631ea309d6ad,398,c,2018-05-14T19:26:59.027Z,2018-05-16T15:36:36.533Z,c
5af9a0bbcc6af67608ee7782,369,c,2018-05-14T14:44:11.491Z,2018-05-16T15:51:30.962Z,c
5af96f74d455317dd71bdb79,437,b,2018-05-14T11:13:56.703Z,2018-05-15T21:55:08.973Z,b
5af961b8c96bd076eba1af5f,436,a,2018-05-14T10:15:20.763Z,2018-05-15T07:34:04.065Z,a
5af9225d439b7031ac9c0f89,106,c,2018-05-14T05:45:01.188Z,2018-05-16T05:12:39.601Z,c
5af8a391b8530119858b5c65,474,b,2018-05-13T20:44:01.781Z,2018-05-15T04:59:59.377Z,c
5af894f7929f787859e6572b,473,c,2018-05-13T19:41:43.604Z,2018-05-15T17:59:07.465Z,c
5af7efd87ee9ab306c2f8342,509,b,2018-05-13T07:57:12.297Z,2018-05-13T21:08:26.423Z,b
5af7ea187ee9ab306c2f81a0,107,c,2018-05-13T07:32:40.922Z,2018-05-15T04:23:09.652Z,c
5af77b32d8f1193694c55d52,446,b,2018-05-12T23:39:30.083Z,2018-05-14T08:52:55.468Z,c
5af7477a395eaf62da863c3b,460,a,2018-05-12T19:58:50.647Z,2018-05-14T05:11:08.028Z,a
5af74130395eaf62da863a09,391,c,2018-05-12T19:32:00.372Z,2018-05-14T17:13:47.510Z,c
5af6f7a42695554ba9cb575b,170,c,2018-05-12T14:18:12.119Z,2018-05-14T15:18:07.909Z,c
5af699a2d6d69c24ccb5877f,480,c,2018-05-12T07:37:06.992Z,2018-05-14T03:37:27.843Z,c
5af67b752645ba54350727de,443,b,2018-05-12T05:28:21.019Z,2018-05-13T21:08:26.423Z,b
5af6103b46558f3315f3b7c1,403,a,2018-05-11T21:50:51.916Z,2018-05-11T21:51:37.409Z,a
5af5fbce08c8f3089724dc9d,479,b,2018-05-11T20:23:42.969Z,2018-05-13T19:49:38.425Z,c
5af5f2f508c8f3089724da42,364,c,2018-05-11T19:45:57.748Z,2018-05-13T18:35:17.654Z,c
5af58ffca8ac7932279c3a6a,462,c,2018-05-11T12:43:40.265Z,2018-05-13T16:34:54.141Z,c
5af57071fdf5d46f5c0a2def,338,b,2018-05-11T10:29:05.836Z,2018-05-12T21:43:25.227Z,b
5af54b61f7a6032f909607a3,125,c,2018-05-11T07:50:57.494Z,2018-05-13T04:12:20.018Z,c
5af4a9545e6aa7690f86b3ef,421,b,2018-05-10T20:19:32.555Z,2018-05-12T06:22:37.752Z,c
5af4a6995e6aa7690f86b2e2,415,a,2018-05-10T20:07:53.874Z,2018-05-12T00:00:15.128Z,j
5af450bf921d754856c6a86a,138,c,2018-05-10T14:01:35.486Z,2018-05-12T16:55:05.020Z,c
5af407f8c5e83b49d08c889b,357,a,2018-05-10T08:51:04.798Z,2018-05-11T09:14:17.496Z,a
5af3ffffc5e83b49d08c86c1,367,b,2018-05-10T08:17:03.133Z,2018-05-11T22:48:17.800Z,b
5af36db189bf9668dc675b59,474,a,2018-05-09T21:52:49.475Z,2018-05-10T22:50:55.254Z,a
5af35e0689bf9668dc675604,509,b,2018-05-09T20:45:58.611Z,2018-05-11T05:43:05.852Z,c
5af35709d6666d2455d14d12,136,c,2018-05-09T20:16:09.289Z,2018-05-11T17:22:15.000Z,c
5af2c53791d49572d0454aa9,446,b,2018-05-09T09:53:59.140Z,2018-05-09T15:03:42.329Z,b
5af2bf1091d49572d0454881,129,a,2018-05-09T09:27:44.278Z,2018-05-10T08:38:02.024Z,a
5af200e411705815e08eb49d,346,c,2018-05-08T19:56:20.371Z,2018-05-10T19:13:40.617Z,c
5af2000111705815e08eb480,373,a,2018-05-08T19:52:33.098Z,2018-05-09T20:33:17.137Z,a
5af1fb5411705815e08eb39e,467,b,2018-05-08T19:32:36.484Z,2018-05-10T04:55:47.269Z,c
5af1e893d4fa816b39d1663b,399,c,2018-05-08T18:12:35.332Z,2018-05-10T20:21:07.597Z,c
5af165228b56523d86f5cd92,437,b,2018-05-08T08:51:46.758Z,2018-05-09T23:53:10.836Z,b
5af15a54df8d672bf2c10cde,375,c,2018-05-08T08:05:40.597Z,2018-05-10T07:27:42.473Z,c
5af0bd053126894a10bcf244,421,b,2018-05-07T20:54:29.336Z,2018-05-09T05:57:09.898Z,c
5af0b621e043e0231c29223e,357,a,2018-05-07T20:25:05.301Z,2018-05-08T19:22:09.190Z,a
5af0ab12e043e0231c29202c,444,c,2018-05-07T19:37:54.965Z,2018-05-09T22:20:56.049Z,c
5af015782a230e4a15d8a3ac,449,b,2018-05-07T08:59:36.110Z,2018-05-08T20:22:30.990Z,b
5af00e1d1dd1962c2764b438,473,a,2018-05-07T08:28:13.564Z,2018-05-08T09:49:47.164Z,a
5af0037f1dd1962c2764b220,173,c,2018-05-07T07:42:55.123Z,2018-05-09T03:54:23.572Z,c
5aef6e1cde51993f244241ca,475,a,2018-05-06T21:05:32.485Z,2018-05-08T04:20:18.651Z,i
5aef5ceb05ba3c13fd7a55e9,111,b,2018-05-06T19:52:11.057Z,2018-05-08T05:40:03.742Z,c
5aeef73cc6961262fc8d9b97,466,c,2018-05-06T12:38:20.271Z,2018-05-08T15:29:16.883Z,c
5aeeb05d6b051725d6829724,170,c,2018-05-06T07:35:57.199Z,2018-05-08T04:10:03.646Z,c
5aee17c00d56c42ffd79a6f1,155,b,2018-05-05T20:44:48.306Z,2018-05-07T17:14:46.152Z,c
5aee0bf10d56c42ffd79a421,129,a,2018-05-05T19:54:25.852Z,2018-05-06T20:19:01.663Z,a
5aee0abb0d56c42ffd79a3db,141,c,2018-05-05T19:49:15.748Z,2018-05-07T17:17:44.173Z,c
5aedbb159ab76932066cce4b,412,c,2018-05-05T14:09:25.669Z,2018-05-07T15:55:33.359Z,c
5aed71bd57ba56358dce9240,357,a,2018-05-05T08:56:29.431Z,2018-05-06T09:34:40.672Z,a
5aed64eeb8f6d8728e53d013,144,c,2018-05-05T08:01:50.899Z,2018-05-07T06:08:45.730Z,c
5aed64b5b8f6d8728e53d002,456,b,2018-05-05T08:00:53.245Z,2018-05-06T22:33:36.348Z,b
5aecbf7860b5c53f59fd7faf,471,b,2018-05-04T20:15:52.527Z,2018-05-06T06:17:21.059Z,c
5aecbb503ca7a01bcd961981,136,c,2018-05-04T19:58:08.613Z,2018-05-06T16:25:17.742Z,c
5aecb97e3ca7a01bcd961944,366,a,2018-05-04T19:50:22.505Z,2018-05-05T18:20:23.476Z,a
5aeb780eb0b786307437c3a7,449,b,2018-05-03T20:58:54.476Z,2018-05-05T13:06:16.024Z,i
5aeb6db40dbc260cb30e5e07,155,a,2018-05-03T20:14:44.412Z,2018-05-04T19:21:11.791Z,i
5aeb65fb0dbc260cb30e5d26,308,c,2018-05-03T19:41:47.284Z,2018-05-05T17:50:54.599Z,i
5aeac8e7e382646391845ce2,479,a,2018-05-03T09:25:13.913Z,2018-05-04T05:37:23.963Z,i
